mutant,score
A11C,-0.1288644801481799
A11D,-0.08909873310236
A11E,-0.08111537138093
A11F,0.2377533437796026
A11G,0.0851350217696271
A11H,0.4049226121089813
A11I,-0.5714798139894164
A11K,-0.409174342548082
A11L,-0.6137019793940461
A11M,-0.2961661040466987
A11N,-0.2389354416164346
A11P,-3.883658259599692
A11Q,-0.1793257293606887
A11R,-0.3494519711826722
A11S,0.3262890467209418
A11T,-0.1647202788377368
A11V,-0.4346394128985
A11W,0.0921449276695343
A11Y,0.2397455822915839
A22C,-0.4971618270752618
A22D,-1.15756618209734
A22E,-0.4779044353289556
A22F,0.1869426538986394
A22G,-0.8796256904043069
A22H,0.0034872253095228
A22I,-0.4134122072821622
A22K,0.4043547043646844
A22L,-0.1917143695751981
A22M,-0.0859802852788416
A22N,-0.5025460358222329
A22P,-3.5187541787257777
A22Q,0.0037678764858624
A22R,0.4404958239164376
A22S,-0.1524790488726326
A22T,-0.3767618098127725
A22V,-0.4109014794889796
A22W,-0.2643318688700899
A22Y,0.112205244161271
A24C,-0.2663117979788696
A24D,-1.7272804367201862
A24E,-0.3161873639472237
A24F,0.0528750117542644
A24G,-0.3497716304572735
A24H,0.2098986953227752
A24I,-1.3317494496124578
A24K,-0.3991146763278239
A24L,-0.3368574330202838
A24M,-0.3294495140315812
A24N,0.1574444916330231
A24P,-3.20931133050056
A24Q,-0.3698596150842013
A24R,-0.7958593411363903
A24S,-0.3064545001452616
A24T,-0.9502249742060428
A24V,-1.366938462248938
A24W,-0.13477511334289
A24Y,-0.0118015475368631
A48C,-0.244329471699884
A48D,0.0071681543550869
A48E,0.2812564286914236
A48F,-0.3173846343791391
A48G,-0.534461717945311
A48H,-0.036784786176689
A48I,0.1275888711513086
A48K,0.1675233574435752
A48L,0.1357457536798554
A48M,-0.1991067154732055
A48N,-0.1801334299805441
A48P,0.5082494341099082
A48Q,-0.2150119340539795
A48R,-0.022434011991339
A48S,-0.108506783450248
A48T,-0.186801723925476
A48V,-0.0434307774719302
A48W,-0.342998069558134
A48Y,0.0819555367200761
A63C,0.3523591320125927
A63D,0.332267507361033
A63E,0.4966270583129901
A63F,-0.4736374304590107
A63G,-0.1080127455683106
A63H,0.2039965422763172
A63I,-0.280845183692298
A63K,-0.123370117479884
A63L,-0.0215731147587545
A63M,-0.1811413799667258
A63N,0.2672244016794174
A63P,-1.145310998461036
A63Q,0.2153813999978817
A63R,-0.2450111753331301
A63S,0.1245634622041498
A63T,-0.0734874744867744
A63V,-0.3382208250543081
A63W,-0.7424408019563149
A63Y,-0.4611552913742383
D30A,0.3177312518101844
D30C,0.3106949075876981
D30E,0.2376408545169521
D30F,0.1359537895755158
D30G,-0.1169155500123162
D30H,0.1761256703985561
D30I,-0.0640208803383624
D30K,0.3680737328538308
D30L,0.0798915354876177
D30M,-0.0254728099365406
D30N,-0.0732762400289166
D30P,-0.3885249186455448
D30Q,0.0889108643059719
D30R,0.4519467429796853
D30S,0.0572718876643714
D30T,0.0113026222911472
D30V,-0.0539595831999069
D30W,0.1465276084401212
D30Y,0.1779589243958694
D39A,-1.7924808168729425
D39C,-1.9384727911071409
D39E,-1.199579668013059
D39F,-2.498311435217756
D39G,-2.3298885560309763
D39H,-1.0677567574559903
D39I,-2.338878005468705
D39K,-2.0833192615426266
D39L,-2.094402932898743
D39M,-2.3556314507831715
D39N,-1.941821116886123
D39P,-2.790932163380303
D39Q,-1.222676613037076
D39R,-2.907243790411234
D39S,-1.7386966945958284
D39T,-1.758978312549749
D39V,-2.442962338908074
D39W,-1.7213000528513391
D39Y,-1.9263791675287347
D6A,-0.0644876691000968
D6C,-0.7776542629341328
D6E,-0.0919807853873955
D6F,-0.2027570381465366
D6G,0.0798978224557274
D6H,-0.5647212008704061
D6I,-0.9589196087196968
D6K,-1.1852498983023918
D6L,-1.2653079356621149
D6M,-0.4902400139136014
D6N,-0.0984572528081928
D6P,-0.2315440769241741
D6Q,-0.5849682833799581
D6R,-0.9179647876873248
D6S,0.070629340854901
D6T,-0.52970769439092
D6V,-0.7238106706179694
D6W,0.0076614017988516
D6Y,-0.4534784730407981
E10A,-0.7177846600665063
E10C,-0.5780483775235359
E10D,0.1483642826748266
E10F,-0.642839245716992
E10G,-0.7581070348340617
E10H,-0.7195492030932478
E10I,-0.2732457919691988
E10K,-0.8791726571284042
E10L,-0.7549831624107703
E10M,-0.2238027575566805
E10N,-0.4364523657961947
E10P,-3.270740041999357
E10Q,-0.6169859062304797
E10R,-0.9612356266732442
E10S,-0.4915678887089227
E10T,-0.3083797694603998
E10V,-0.2905507818736152
E10W,-1.1457628892770986
E10Y,-0.6393965877390189
E19A,0.2433681986730036
E19C,-0.3069312549003813
E19D,0.0010520212544955
E19F,-0.3266203330682948
E19G,-0.2699545274058392
E19H,0.0768095536721222
E19I,-0.1634735628768071
E19K,0.1826362766131195
E19L,0.0843252562001328
E19M,0.1238628464377669
E19N,-0.0393742614077163
E19P,-0.816726456304349
E19Q,0.1304416360210343
E19R,0.0001755531220206
E19S,0.0667628227760239
E19T,0.2456664826108339
E19V,-0.0121796392434143
E19W,-0.0773013941714912
E19Y,-0.2744400214677212
E38A,0.1341274762203292
E38C,-0.235064530460046
E38D,-0.0079766106680461
E38F,-0.5502363404817707
E38G,-0.2151767710026959
E38H,-0.185403551561504
E38I,-0.1838422994770772
E38K,-0.1360005201568137
E38L,-0.682604128294126
E38M,-0.3785841426771439
E38N,-0.426010038668684
E38P,-0.1703934349057156
E38Q,-0.224226662208328
E38R,-0.0738041028523559
E38S,0.0282063413891568
E38T,-0.1152858795021698
E38V,-0.0541772286708601
E38W,-0.4413211083622128
E38Y,-0.3940327020829901
E7A,-0.2893186830829153
E7C,-0.5839183379062951
E7D,0.0949760328130198
E7F,-1.152699151901705
E7G,-0.428193000040586
E7H,-0.6261531241378009
E7I,-0.8512650454419646
E7K,-0.5732979932978015
E7L,-0.5593981905987118
E7M,-0.5389533699833535
E7N,-0.5496219923503087
E7P,-2.4447007685790934
E7Q,-0.2582732507208645
E7R,-0.714590316529601
E7S,-0.3752463328400033
E7T,-0.6279639248017239
E7V,-0.9385137718989762
E7W,-1.3107818424036468
E7Y,-1.1147325708655789
F21A,-3.8139066832197335
F21C,-2.488372460658381
F21D,-3.657361768126041
F21E,-3.649796118798877
F21G,-4.025616660796624
F21H,-3.776953718547059
F21I,-2.772993649659862
F21K,-3.64847638529385
F21L,-2.2780931224852434
F21M,-1.8006060002055326
F21N,-3.69144379183928
F21P,-3.684826778285114
F21Q,-3.3076622925792045
F21R,-3.729781725949104
F21S,-3.5880434900540368
F21T,-3.0023437626742675
F21V,-3.004252817831147
F21W,-1.835871564601398
F21Y,-2.39866288833971
F26A,-0.9582145831202336
F26A:M35A,-3.74202110189156
F26A:M35C,-2.7041541399910525
F26A:M35D,-4.011991115870658
F26A:M35E,-3.969739784142365
F26A:M35F,-0.6438391952977653
F26A:M35G,-3.9484656415372608
F26A:M35H,-3.8344058709954063
F26A:M35I,-2.81742851692516
F26A:M35K,-3.3936621251078787
F26A:M35L,-1.7784817364596663
F26A:M35N,-3.980774914935075
F26A:M35P,-4.410676688714919
F26A:M35Q,-3.724299360683124
F26A:M35R,-3.566051736738575
F26A:M35S,-3.866045033527048
F26A:M35T,-3.828487903255384
F26A:M35V,-3.784808606838867
F26A:M35W,-0.9224825525632818
F26A:M35Y,-0.9523820544228913
F26C,-0.781815173650146
F26C:M35A,-2.7308361293247545
F26C:M35C,-2.258506653238678
F26C:M35D,-3.472810983027108
F26C:M35E,-3.424408733023822
F26C:M35F,-1.7777357144164512
F26C:M35G,-3.086947595989519
F26C:M35H,-3.134551477348257
F26C:M35I,-2.418203931194496
F26C:M35K,-2.3016737788864354
F26C:M35L,-1.5209835039454336
F26C:M35N,-3.0981179524766573
F26C:M35P,-3.336465905784422
F26C:M35Q,-3.1427453766685822
F26C:M35R,-2.920666150641153
F26C:M35S,-3.1195986910698483
F26C:M35T,-3.0746501200544407
F26C:M35V,-2.562230732491978
F26C:M35W,-2.493459824222464
F26C:M35Y,-2.341573614157715
F26D,-3.4315588577920906
F26D:M35A,-3.9000116297411775
F26D:M35C,-3.361466387640642
F26D:M35D,-4.145251462502907
F26D:M35E,-4.015765294809128
F26D:M35F,-3.3364105134518915
F26D:M35G,-3.891369372462022
F26D:M35H,-3.7517105841186256
F26D:M35I,-3.6449785974479023
F26D:M35K,-3.855120759202812
F26D:M35L,-3.303673075664708
F26D:M35N,-4.919893176414077
F26D:M35P,-3.677343825319651
F26D:M35Q,-4.051787874343476
F26D:M35R,-3.683346733519405
F26D:M35S,-3.951011024631849
F26D:M35T,-3.960749231723016
F26D:M35V,-3.72011556376332
F26D:M35W,-3.1248763254825507
F26D:M35Y,-3.210718812569944
F26E,-3.2274928335637134
F26E:M35A,-3.809293502462963
F26E:M35C,-3.2967538704956074
F26E:M35D,-4.203620807349816
F26E:M35E,-4.087320216062129
F26E:M35F,-3.0995397310338624
F26E:M35G,-4.0271106421223095
F26E:M35H,-4.037646707377658
F26E:M35I,-3.7059662552711807
F26E:M35K,-3.5333786674091434
F26E:M35L,-3.355152888192652
F26E:M35N,-4.523028755021931
F26E:M35P,-4.462591223160252
F26E:M35Q,-3.914897368139578
F26E:M35R,-3.7847812868064494
F26E:M35S,-4.113938113103794
F26E:M35T,-3.943247644468345
F26E:M35V,-3.615874181679348
F26E:M35W,-2.8496992294002315
F26E:M35Y,-3.452236621125316
F26G,-2.451585556222347
F26G:M35A,-3.821644163701341
F26G:M35C,-3.17693806918616
F26G:M35D,-4.193435313550811
F26G:M35E,-4.0030919005190375
F26G:M35F,-1.511594177341948
F26G:M35G,-4.100031775301647
F26G:M35H,-3.796696057881951
F26G:M35I,-3.547062105250488
F26G:M35K,-3.575585570825008
F26G:M35L,-3.28190291492122
F26G:M35N,-3.9327272927429378
F26G:M35P,-3.556403111839672
F26G:M35Q,-3.690798434905608
F26G:M35R,-3.5131051426632807
F26G:M35S,-3.753212777555626
F26G:M35T,-3.83854252921114
F26G:M35V,-3.731336340794539
F26G:M35W,-0.4036557306491941
F26G:M35Y,-1.035349249246817
F26H,-1.8526874542097305
F26H:M35A,-3.6128825789728607
F26H:M35C,-1.4689223491678045
F26H:M35D,-4.04598153276595
F26H:M35E,-4.290484363159515
F26H:M35F,-1.8892301604124984
F26H:M35G,-3.755904949760137
F26H:M35H,-3.8831458535412446
F26H:M35I,-2.986118706414464
F26H:M35K,-3.367361880520006
F26H:M35L,-1.57087160158357
F26H:M35N,-4.242446343002591
F26H:M35P,-3.980430746108098
F26H:M35Q,-3.6790312708379407
F26H:M35R,-3.544761761265876
F26H:M35S,-4.011422520929197
F26H:M35T,-3.769429009871314
F26H:M35V,-3.6211605936727
F26H:M35W,-2.3778431833340936
F26H:M35Y,-3.205638221586378
F26I,-0.0638978659899551
F26I:M35A,-2.9146658876486256
F26I:M35C,-1.639888531183019
F26I:M35D,-3.688553709323614
F26I:M35E,-3.5855675160689926
F26I:M35F,-0.8753084245179172
F26I:M35G,-3.368200383075711
F26I:M35H,-3.349959463265352
F26I:M35I,-1.4462006271148828
F26I:M35K,-3.28869566427577
F26I:M35L,-0.3300536772051785
F26I:M35N,-3.625088662865279
F26I:M35P,-4.098412143806437
F26I:M35Q,-2.791336458369219
F26I:M35R,-3.2662821759768583
F26I:M35S,-2.9380426261211343
F26I:M35T,-2.717541615756624
F26I:M35V,-2.131234535069926
F26I:M35W,-1.173779018496615
F26I:M35Y,-1.966609929757087
F26K,-1.141537055171093
F26K:M35A,-3.767370501032192
F26K:M35C,-2.741742050351159
F26K:M35D,-3.7988353921464912
F26K:M35E,-3.88365389698561
F26K:M35F,-2.7271814575061315
F26K:M35G,-4.05748201173063
F26K:M35H,-3.928961650457767
F26K:M35I,-3.0417801848033013
F26K:M35K,-3.6895290727771104
F26K:M35L,-2.466452239892812
F26K:M35N,-4.062822137602111
F26K:M35P,-4.677607819266743
F26K:M35Q,-4.222470844178618
F26K:M35R,-3.623617956824533
F26K:M35S,-4.00596790917542
F26K:M35T,-4.31429388101726
F26K:M35V,-3.68608421648402
F26K:M35W,-3.0186993254632744
F26K:M35Y,-3.252344182449993
F26L,-0.5426720915300309
F26L:M35A,-2.234961340823153
F26L:M35C,-1.5644941046953762
F26L:M35D,-3.915876084210561
F26L:M35E,-3.797090423558998
F26L:M35F,-1.8110989141949445
F26L:M35G,-3.4362500272647454
F26L:M35H,-3.61971622108358
F26L:M35I,-1.4969917774601065
F26L:M35K,-3.5888025387146385
F26L:M35L,-0.629709112149174
F26L:M35N,-3.7176442755117898
F26L:M35P,-4.152015231134871
F26L:M35Q,-2.78577315571933
F26L:M35R,-3.367149638011212
F26L:M35S,-2.841620167326698
F26L:M35T,-2.875612230329016
F26L:M35V,-1.9162468999404776
F26L:M35W,-2.417125946407949
F26L:M35Y,-2.6281005747306656
F26M,-0.5120990887592043
F26M:M35A,-2.259753355351964
F26M:M35C,-2.0869108228101725
F26M:M35D,-3.995086311277647
F26M:M35E,-3.732217996830028
F26M:M35F,-2.010798416918947
F26M:M35G,-3.323103299126963
F26M:M35H,-4.012751330649673
F26M:M35I,-1.7136465366521234
F26M:M35K,-3.405516577583688
F26M:M35L,-0.9241468747765188
F26M:M35N,-3.678989456070414
F26M:M35P,-4.335751986121899
F26M:M35Q,-3.239831697697132
F26M:M35R,-3.4594499206661573
F26M:M35S,-2.916350678484135
F26M:M35T,-3.326181675971726
F26M:M35V,-2.4281245564721967
F26M:M35W,-2.248510373109496
F26M:M35Y,-3.0493714951847126
F26N,-2.518010838494739
F26N:M35A,-3.7410862166141
F26N:M35C,-3.247926672517344
F26N:M35D,-4.485609016550759
F26N:M35E,-4.19196865821087
F26N:M35F,-3.2512651194180275
F26N:M35G,-3.8109300617343216
F26N:M35H,-3.9004034447297937
F26N:M35I,-3.2461957372858685
F26N:M35K,-3.645210949029188
F26N:M35L,-2.8754648703045627
F26N:M35N,-3.552507794816305
F26N:M35P,-4.1796572880885465
F26N:M35Q,-3.2620204420158
F26N:M35R,-3.5018107011234445
F26N:M35S,-3.799068834797701
F26N:M35T,-3.859110686084584
F26N:M35V,-3.816398120742584
F26N:M35W,-2.8004022616265942
F26N:M35Y,-3.423637891226951
F26P,-3.448040930248727
F26P:M35A,-3.817042605309089
F26P:M35C,-3.340635652828436
F26P:M35D,-4.299575004765235
F26P:M35E,-3.981463005710918
F26P:M35F,-3.350255714064816
F26P:M35G,-4.258312420947603
F26P:M35H,-4.048566482430568
F26P:M35I,-3.4186989209921137
F26P:M35K,-3.7403178631932574
F26P:M35L,-3.29681683074215
F26P:M35N,-3.929140263870561
F26P:M35P,-4.399762712835457
F26P:M35Q,-3.717601478667828
F26P:M35R,-3.7186970717557406
F26P:M35S,-4.053189653474249
F26P:M35T,-4.082131816858931
F26P:M35V,-3.838992067697821
F26P:M35W,-3.0238117795182218
F26P:M35Y,-3.534040910446551
F26Q,-2.072290937121022
F26Q:M35A,-3.588308719621524
F26Q:M35C,-3.187987891891624
F26Q:M35D,-4.25995487353158
F26Q:M35E,-4.142061705626761
F26Q:M35F,-3.0163800340762417
F26Q:M35G,-3.945830453483955
F26Q:M35H,-3.8286859924825447
F26Q:M35I,-3.2395685770422045
F26Q:M35K,-3.533593043580394
F26Q:M35L,-2.759559491273808
F26Q:M35N,-3.818082561912735
F26Q:M35P,-4.594907970672183
F26Q:M35Q,-3.715154399737924
F26Q:M35R,-3.5944851217673026
F26Q:M35S,-3.773725516452964
F26Q:M35T,-3.9976459553407295
F26Q:M35V,-4.091895577890995
F26Q:M35W,-2.96780014538989
F26Q:M35Y,-3.254682994336424
F26R,-1.8951023746183315
F26R:M35A,-3.587537492733067
F26R:M35C,-3.104566102550387
F26R:M35D,-4.125000427735316
F26R:M35E,-3.7988342394408665
F26R:M35F,-3.149627921302601
F26R:M35G,-4.246209048068981
F26R:M35H,-3.9213710834595097
F26R:M35I,-3.348976760572933
F26R:M35K,-3.0865703116723733
F26R:M35L,-3.0215902592401496
F26R:M35N,-3.867897572859616
F26R:M35P,-4.46714879961305
F26R:M35Q,-3.6304261411893446
F26R:M35R,-3.4989059321826192
F26R:M35S,-3.6520935277924416
F26R:M35T,-3.8459278022146473
F26R:M35V,-4.018722317600171
F26R:M35W,-2.988415452943169
F26R:M35Y,-3.460462670477182
F26S,-2.609275142616084
F26S:M35A,-3.4364521947527646
F26S:M35C,-3.09993518043049
F26S:M35D,-3.974889602927726
F26S:M35E,-4.132395898775965
F26S:M35F,-2.718588019113548
F26S:M35G,-4.248482903552236
F26S:M35H,-3.457195043104645
F26S:M35I,-3.511075083702152
F26S:M35K,-3.7075963484910384
F26S:M35L,-3.0172258214653525
F26S:M35N,-3.879877719432172
F26S:M35P,-4.909655636100252
F26S:M35Q,-3.8314662956095966
F26S:M35R,-3.445467721848547
F26S:M35S,-3.6918942071212273
F26S:M35T,-3.676284145574109
F26S:M35V,-3.616283776827612
F26S:M35W,-2.757728722663718
F26S:M35Y,-2.7163173468963326
F26T,-2.563174972379217
F26T:M35A,-3.8202391122073824
F26T:M35C,-3.235303840543056
F26T:M35D,-4.336810994095415
F26T:M35E,-3.734664553800235
F26T:M35F,-2.655672165329872
F26T:M35G,-4.206532513155528
F26T:M35H,-3.748724342020239
F26T:M35I,-3.4572027249914976
F26T:M35K,-3.745798822150168
F26T:M35L,-3.050357578758589
F26T:M35N,-3.830914864328453
F26T:M35Q,-3.598895513968331
F26T:M35R,-3.402046333153837
F26T:M35S,-4.038061657167577
F26T:M35T,-3.8906844742008193
F26T:M35V,-3.825290209600327
F26T:M35W,-2.663176246190571
F26T:M35Y,-2.882358293492161
F26V,-0.3818649647761298
F26V:M35A,-3.364902909459245
F26V:M35C,-2.520876767104451
F26V:M35D,-4.11693949955824
F26V:M35E,-3.7445796428789
F26V:M35F,-0.8392873009652266
F26V:M35G,-3.545324770534836
F26V:M35H,-3.643234234194221
F26V:M35I,-2.08539885228294
F26V:M35K,-3.5649434547778704
F26V:M35L,-0.7682706596890734
F26V:M35N,-3.853998303568276
F26V:M35P,-4.232246661577388
F26V:M35Q,-3.244540421473852
F26V:M35R,-3.355582521393019
F26V:M35S,-3.311772444760794
F26V:M35T,-3.697026099887413
F26V:M35V,-2.930222590384308
F26V:M35W,-1.0660340358809115
F26V:M35Y,-1.5975932030696862
F26W,-0.3756022359023978
F26W:M35A,-2.094842559965292
F26W:M35C,-2.205840868730593
F26W:M35D,-3.331268702232491
F26W:M35E,-3.5161845858064167
F26W:M35F,-2.0796800493606185
F26W:M35G,-2.812825549211005
F26W:M35H,-3.164069365730638
F26W:M35I,-0.8816432964693779
F26W:M35K,-1.8530707504147728
F26W:M35L,0.0078147744041059
F26W:M35N,-3.260009893705596
F26W:M35P,-3.5006831782908177
F26W:M35Q,-1.907796339741389
F26W:M35R,-2.61899894959418
F26W:M35S,-2.9233232799826734
F26W:M35T,-2.805803693483812
F26W:M35V,-1.259209449305263
F26W:M35W,-2.433912848811646
F26W:M35Y,-2.723549107542499
F26Y,0.2547091438782675
F26Y:M35A,-2.042832691295508
F26Y:M35C,-1.5796524506298106
F26Y:M35D,-3.352687210010165
F26Y:M35E,-3.6355380224925793
F26Y:M35F,-1.1072418153419474
F26Y:M35G,-3.2430339949132536
F26Y:M35H,-3.4775055503816974
F26Y:M35I,-0.7010510147904148
F26Y:M35K,-3.196671212476528
F26Y:M35L,-0.0628995125466893
F26Y:M35N,-3.552179616777148
F26Y:M35P,-4.080583018100353
F26Y:M35Q,-3.0749328976802763
F26Y:M35R,-3.2516314136324302
F26Y:M35S,-2.896237796353594
F26Y:M35T,-3.0063803177746227
F26Y:M35V,-1.650195339832985
F26Y:M35W,-1.9344542725804457
F26Y:M35Y,-2.9334694663263754
F29A,-2.275876630755259
F29C,-1.222454980530567
F29D,-3.5267158624318635
F29E,-2.856105592213768
F29G,-2.608969929485766
F29H,-2.230064803977804
F29I,-0.0296891674951842
F29K,-1.900201338993874
F29L,0.2274242592214852
F29M,-0.0658467105360847
F29N,-2.63244380615872
F29P,-1.880517771177204
F29Q,-2.070033049119339
F29R,-1.6160012730163982
F29S,-2.5729077545467645
F29T,-1.514299341036029
F29V,-0.856173011681904
F29W,-0.5349552796034942
F29Y,-1.5101191862273118
F2A,-0.707439680200824
F2C,-0.213119708688799
F2D,-1.2659811236422964
F2E,-1.0556008991186934
F2G,-0.7535574454063845
F2H,-0.4976661599574967
F2I,-0.3952579475144988
F2K,-0.954897663471117
F2L,-0.5183244967169189
F2M,-0.5617226824841781
F2N,-0.9210239495347669
F2P,-0.5886020309646551
F2Q,-0.9022044351775432
F2R,-1.0181443698636563
F2S,-0.7912310402755525
F2T,-0.7830062731230383
F2V,-0.5415483115055917
F2W,0.5220480469651081
F2Y,0.1957656089547041
G15A,-0.1352191985562836
G15C,-0.8375215770082525
G15D,-0.2950366509935085
G15E,-0.3503386271464146
G15F,-0.9007509740430084
G15H,-0.4669719521091071
G15I,-0.9707983203275256
G15K,-1.045044196787762
G15L,-1.0326772805327007
G15M,-0.9795483206673512
G15N,-0.6959004969155078
G15P,-0.3764122291722218
G15Q,-0.4967063868358647
G15R,-0.9686783378233884
G15S,-0.0639709709535569
G15T,-0.6556287456260339
G15V,-0.8986370365533336
G15W,-0.8147863835093823
G15Y,-0.6910873233416748
G25A,-1.4127447335392072
G25C,-1.0444828973046767
G25D,-1.572960769657271
G25E,-1.7156797820961378
G25F,-1.6195635819709024
G25H,-1.1323330113613783
G25I,-2.732587027167256
G25K,-1.027055200370342
G25L,-1.615347181538422
G25M,-1.3030353683406406
G25N,-0.9481067138114154
G25P,-3.2623903980223576
G25Q,-1.253100957856225
G25R,-1.367717984904686
G25S,-1.3903797049650626
G25T,-2.417301553399898
G25V,-2.5566078816322264
G25W,-2.06986389573121
G25Y,-1.5799089235314066
G44A,-2.315538355745428
G44C,-2.049021918184418
G44D,-2.4758946119383984
G44E,-2.330352847781056
G44F,-2.551727083577925
G44H,-1.9577215642663148
G44I,-2.5140097935179284
G44K,-1.9691181299663725
G44L,-2.6730997898890267
G44M,-2.6352348270411623
G44N,-1.44464496199876
G44P,-1.0212045823463738
G44Q,-2.0180953947749343
G44R,-1.9217794118860845
G44S,-1.953511740424314
G44T,-2.5571710732868222
G44V,-2.7318298419324147
G44W,-2.207156206633131
G44Y,-2.7595730929635787
G49A,0.4828378844397969
G49C,0.2366408665432517
G49F,0.0407166044082574
G49H,0.4174190759032408
G49I,0.2793470282832002
G49K,0.2260635039487271
G49L,0.1716730321628476
G49M,0.2388055682401768
G49N,0.0493982252512044
G49P,0.1351965195015063
G49Q,0.1516932058780336
G49R,0.0814202354746962
G49S,0.5104999653168862
G49T,0.2951484698721884
G49V,0.2284771055349219
G49W,0.3314616199791063
G49Y,0.1059311220310563
H50A,-1.298540378493494
H50C,-2.0386648964384597
H50D,0.1539247033530215
H50E,-0.888140254252181
H50F,-2.084973709482919
H50G,-2.763822837326771
H50I,-2.3539518361895517
H50K,-2.792731723364796
H50L,-1.8184992696295608
H50M,-1.888924766734636
H50N,-1.7010653038826802
H50P,-2.1844328595578717
H50Q,-1.4684814627221603
H50R,-2.7450731992275696
H50S,-1.9363336482375768
H50T,-2.573676254488666
H50V,-2.408126921846556
H50W,-1.926998836575926
H50Y,-2.03247346012391
I12A,-1.9461793769127125
I12C,-1.269643587177634
I12D,-2.790972933500372
I12E,-1.6002394651007463
I12F,-1.500181198626667
I12G,-2.2349932654311964
I12H,-1.5156937593287425
I12K,-2.571901155029007
I12L,0.2070842093896736
I12M,-0.2038291637872573
I12N,-1.3978049250882425
I12P,-3.647670701609628
I12Q,-1.1346748277754783
I12R,-2.544242525025675
I12S,-1.909105576391649
I12T,-1.7371965331360637
I12V,-1.611150628242112
I12W,-2.0499858542831184
I12Y,-1.8867845764264164
I40A,-2.5969485987124377
I40C,-1.1300870301785837
I40D,-4.503197315312106
I40E,-4.152113535409689
I40F,-0.8556510132632131
I40G,-3.829759554561324
I40H,-3.5577931884583647
I40K,-3.691799422710145
I40L,0.4027426219310337
I40M,-0.3213487260267316
I40N,-3.948926429751285
I40P,-3.528950747243112
I40Q,-3.696494508875893
I40R,-4.792639440166677
I40S,-3.3929379687069314
I40T,-2.481441141572064
I40V,-0.3143088586401186
I40W,-2.483037953391646
I40Y,-2.257367425297606
I54A,-3.6219910633232297
I54C,-2.479173317713842
I54D,-4.461351599058742
I54E,-4.227401421189578
I54F,-1.2559390064374485
I54G,-4.112191296914047
I54H,-3.6398722692658354
I54K,-3.1445094163611342
I54L,0.092132304265851
I54M,-0.8059995382710499
I54N,-4.487676360282528
I54P,-4.550802394723608
I54Q,-3.902436784741094
I54R,-4.136262039304597
I54S,-4.179541934418287
I54T,-3.694961737464863
I54V,-1.5887831280085964
I54W,-3.5585112668045897
I54Y,-3.5109853770573887
I58A,-2.0329167065157034
I58C,-1.6058078102958668
I58D,-3.838612518116876
I58E,-3.740868380224279
I58F,-2.813176251385824
I58G,-3.6026622039599894
I58H,-4.152202245142961
I58K,-3.03083558427878
I58L,-0.4958172010868149
I58M,-2.2355735116631203
I58N,-3.686173585538553
I58P,-4.0576254389411694
I58Q,-3.172966961444268
I58R,-3.580787200442926
I58S,-3.0183146428774568
I58T,-1.7827555118295804
I58V,-0.4197554542512511
I58W,-2.3649658037019288
I58Y,-3.423512402881683
K13A,0.2494539772018038
K13C,0.2277235647272162
K13D,0.2747207052309051
K13E,0.5437422470010853
K13F,-0.015542257209165
K13H,0.3108757890619769
K13I,-0.9964961275611972
K13L,-0.0520530011671098
K13M,0.1730083798938189
K13N,0.3678493003160934
K13P,-3.007751632054833
K13Q,0.2415577826008785
K13R,-0.1257425440681361
K13S,0.324677546409057
K13T,-0.1447140015526971
K13V,-0.6910204185113615
K13W,-0.3135455272785981
K13Y,0.1348845826926865
K18A,0.0123574029995472
K18C,-0.5328105117449407
K18D,-2.97050197220168
K18E,-2.344525759553978
K18F,-1.3401433857767628
K18G,-1.060806224540118
K18H,-1.6482141470648046
K18I,-0.2700986481486476
K18L,-1.2442565418097868
K18M,-0.6688339385800681
K18N,-1.3499210776177124
K18P,-3.2556062836466007
K18Q,-0.8258849124584704
K18R,0.0310427690561354
K18S,-0.1516129238669847
K18T,-0.7286915109946182
K18V,-0.744944975786519
K18W,-0.4791973672194007
K18Y,-1.0751563378779072
K52A,0.1528692686034558
K52C,0.1551462276941473
K52D,-0.1091727192996945
K52E,0.2063605842940381
K52F,-0.1222211515010407
K52G,-0.8167059980228197
K52H,-0.1176477080645534
K52I,0.2582391066858749
K52L,0.1456595573992958
K52M,0.2523953733945472
K52N,0.0540852930721227
K52P,-3.122755298579885
K52Q,0.368980867553824
K52R,0.1115428007472276
K52S,-0.1017873690391661
K52T,-0.0744082801563807
K52V,0.081684635924236
K52W,-0.0025871873668688
K52Y,-0.0356859854255207
K53A,0.4480828687909195
K53C,-0.0318065140947929
K53D,-0.3714185010694741
K53E,-0.0350231201744195
K53F,0.4313409851228575
K53G,-1.1508403864350512
K53H,0.468697414941535
K53L,0.5490979212419687
K53M,0.3040852145806925
K53N,-0.4570074400998725
K53P,-2.2842018759108464
K53Q,0.1933353085219202
K53R,0.184759526474985
K53S,-0.2692123130214137
K53T,0.5666508319948695
K53W,0.4449803326099477
K53Y,0.2870516318998826
L41A,-0.1383091021114895
L41C,-0.4653913673162133
L41D,-1.1761979026799485
L41E,-0.0392281087024999
L41F,-0.4785294872400172
L41G,-1.232588075492362
L41H,-0.5610768169991989
L41I,0.5211462381429994
L41K,-0.0634502516956585
L41M,-0.0184419109177147
L41N,-0.8660489744096695
L41P,-2.57948289933536
L41Q,-0.1027116688778262
L41R,-0.0019347417056598
L41S,-0.6816391827494304
L41T,-0.3932603118310025
L41V,0.2380999973500186
L41W,-0.3900841015111043
L41Y,-0.2367240398420351
L47A,-0.164043378138043
L47C,-0.0277853234683185
L47E,0.2902707621972231
L47F,-0.1462861094126495
L47G,-0.700108348310327
L47H,0.2604148334762426
L47I,0.3753656401327614
L47K,-0.016005683686
L47M,-0.1593605575524348
L47N,0.5209509762188302
L47P,-0.7301286820534663
L47Q,0.0181693073103694
L47R,-0.131745979339656
L47S,0.0194919714106847
L47T,-0.0008270264075731
L47V,0.1068955564199276
L47W,-0.6164266918407248
L47Y,-0.1259131112122054
L55A,-0.9665016244024568
L55C,-0.4449203996642787
L55D,-2.0386520111895807
L55E,-1.272975802963976
L55F,0.5068428943370265
L55G,-2.073031870470685
L55H,-0.718244395338596
L55I,-0.4825993837719595
L55K,-1.5577621508327375
L55M,0.1833819457947543
L55N,-1.3172294234230346
L55P,-4.276086304470458
L55Q,-1.0055566445476551
L55R,-1.3449075975003364
L55S,-1.2790740602391524
L55T,-1.841130520524536
L55V,-1.1911607515015024
L55Y,0.3319192419159558
L9A,-3.2461495034905266
L9C,-2.730084821729302
L9D,-3.388954109923789
L9E,-3.2712059705252083
L9F,-2.261634358665279
L9G,-4.291715548130815
L9H,-3.7702680380849767
L9I,-2.2421771966292456
L9K,-4.013105055702021
L9M,-1.7863221467346668
L9N,-3.558902003172438
L9P,-3.885932527197871
L9Q,-3.124718758979567
L9R,-3.660293898259188
L9S,-3.4462845711139627
L9T,-3.676567519937908
L9V,-2.558975584497682
L9W,-2.2526184430418086
L9Y,-2.477228184512275
M14A,-2.0751818877184585
M14C,-0.5229794576262861
M14D,-3.9122954460760937
M14E,-3.201554694204398
M14F,-1.1001579040061245
M14G,-2.8550933269027805
M14H,-2.7112875084513983
M14I,-2.194223326213634
M14K,-3.300774387060728
M14L,-0.2708693037941208
M14N,-3.3654293309358487
M14P,-3.301440477362562
M14Q,-2.257585963482837
M14R,-3.439009942716344
M14S,-2.8114932226516487
M14T,-3.094275189054945
M14V,-1.8249581005730828
M14W,-2.9764506187093787
M14Y,-2.032979914679158
M35A,-2.277849296440981
M35C,-2.024509424446114
M35D,-3.7557765547887674
M35E,-3.4310555846075417
M35F,-1.5580614146842655
M35G,-3.187301579430565
M35H,-3.4514154895736877
M35I,-0.995878576100587
M35K,-2.877101743262667
M35L,-0.1019177810409947
M35N,-3.6952497015866506
M35P,-3.822002907325325
M35Q,-3.063828880914749
M35R,-3.461987483055027
M35S,-3.1608778281998013
M35T,-2.960641623978452
M35V,-1.9451719908244272
M35W,-1.962780059418734
M35Y,-3.299520569646804
M36A,-0.0707433233000101
M36C,-0.0824004696359557
M36D,0.3705497768929549
M36E,0.4258156360478926
M36F,-0.5230344310049979
M36G,0.3599482514822814
M36H,0.1981017889085494
M36I,0.0688802040046541
M36K,0.3777648721757858
M36L,-0.0149703272330645
M36N,0.3718454560301731
M36P,-2.391568659067909
M36Q,0.3374399495859554
M36R,0.3792436342986081
M36S,0.4034458184979099
M36V,0.3943559688341986
M36W,-0.5487007746991885
M36Y,-0.3213070183037532
M37A,-0.2320490499911978
M37C,-0.2922595347907153
M37D,-0.9492507517015384
M37E,-0.2725827551505935
M37F,-0.0597495774298835
M37G,-1.0482610100005951
M37H,-0.1996496181207412
M37I,-0.1466330461462686
M37K,-0.4374485283865699
M37L,0.1696060433099111
M37N,-0.986966759531898
M37P,-0.1834470963305783
M37Q,-0.3013824362760386
M37R,-0.3654626536211909
M37S,-0.7348409322360885
M37T,-0.76475908360479
M37V,-0.2175742403186875
M37W,-0.2208670695528312
M37Y,-0.0983807457070407
M61A,-1.636550450888996
M61C,-1.0409849254870966
M61D,-2.033854206692676
M61E,-2.029807930273222
M61F,-0.7574703165389063
M61G,-2.424368591185156
M61H,-1.365113025038896
M61I,0.0136692123657935
M61K,-2.2263430266057864
M61L,0.2024859389312121
M61N,-1.684091586932214
M61P,-3.0419949099523014
M61Q,-1.7521616509177966
M61R,-1.98566316124263
M61S,-2.151449793323743
M61T,-2.070686800207607
M61V,-0.7860653066649079
M61W,-0.7273740729359659
M61Y,-1.0348695704316837
M65A,-0.5748044447840477
M65C,-0.357227755360145
M65D,-0.7749101510278411
M65E,-0.7410956799843502
M65F,-0.7032310847138175
M65G,-0.5005619549439055
M65H,-0.6220305228739229
M65I,-0.127076810135243
M65K,-1.0703940616328
M65L,-0.1125721061685727
M65N,-0.6683145420112702
M65P,-1.0720456785025505
M65Q,-0.3378154872169459
M65R,-0.8140041796221338
M65S,-0.6530106275578169
M65T,-0.7172014881451823
M65V,-0.7090320004937669
M65W,-0.9383690390279966
M65Y,-1.0284172823507998
N23A,0.2735671592909341
N23C,-0.5138683450800667
N23D,-0.1789343527508853
N23E,-0.0923230996467738
N23F,-0.1387450058325887
N23G,-0.4151696455989948
N23H,-0.0627895490813363
N23I,-0.0421763900860616
N23K,0.189333973543353
N23L,0.2093744316653705
N23M,0.1972569276609563
N23P,-2.78952718207993
N23Q,0.1596965409235204
N23R,0.3855812067882294
N23S,0.0413584120471686
N23T,0.0085780073237851
N23V,0.0312073442235796
N23W,-0.5144700029646838
N23Y,-0.2966456778730864
N3A,0.3505991588000299
N3C,-0.0746512707371573
N3D,-0.076655217541373
N3E,0.1259681356110151
N3F,-0.2101513947385367
N3G,0.0368600405509598
N3H,-0.0751867053610997
N3I,-0.2016835468713038
N3K,0.190085883830771
N3L,-0.1477114613414425
N3M,-0.0479391158854953
N3P,-0.4320151853226859
N3Q,0.1927000201062574
N3R,0.1768665462567176
N3S,0.0610901060602921
N3T,0.0601072315913873
N3V,-0.2536881381757911
N3W,-0.083405035637643
N3Y,-0.0085812307233741
N56A,0.2823134121647817
N56C,0.3051153806363738
N56E,0.531263994415208
N56F,-0.0170438908313999
N56G,-0.2836338793745101
N56H,0.2011247569247363
N56I,-0.1190136982597165
N56K,0.0237776566133653
N56L,0.1157715707487918
N56M,0.246060383343976
N56P,-3.548963130479596
N56Q,0.293847657913683
N56R,0.1990692742061162
N56S,0.1136166375850189
N56T,0.103787108687702
N56V,-0.0805115853942828
N56W,0.2330282581725153
N56Y,0.3335952588299964
N66A,0.2915087581550502
N66C,0.0744941708759858
N66D,0.3114528405854155
N66E,0.2753290906187331
N66G,0.0073138138349486
N66H,-0.0704993174951793
N66I,0.2177032522295174
N66L,-0.8423803852412401
N66M,-0.8894764664953376
N66P,-0.51773471388264
N66Q,0.1764943292740541
N66S,-0.0863772637013156
N66T,-0.082246047814495
N66V,0.0435168569407613
Q16A,-0.3239248998775306
Q16C,-0.421914432244491
Q16D,-0.7549236523534053
Q16E,-0.1692137858307889
Q16F,-0.6254174721956582
Q16G,-0.8496358250429275
Q16H,-0.7673932677527131
Q16I,-0.0920455204530465
Q16K,-0.5079187531667428
Q16L,-0.7509386089784011
Q16M,0.0730591036500767
Q16N,-0.7771606233759103
Q16P,-1.3059889339042297
Q16R,-0.0335216974040646
Q16S,-0.7156577886550624
Q16T,-0.723549317718883
Q16V,-0.0954110137394019
Q16W,-1.1328351962097658
Q16Y,-0.8569409218277948
Q34A,-0.1937810265253885
Q34C,-0.2785388299947202
Q34D,-0.6369181034110047
Q34E,-0.2001810100850596
Q34F,-0.5820719089151267
Q34G,-0.2619941450250698
Q34H,-0.2073258390310686
Q34I,-0.3894078393022697
Q34K,0.1136517740091607
Q34L,-0.0536978786800519
Q34M,-0.0006627940599299
Q34N,-0.0094786093141534
Q34P,-1.9138399747900872
Q34R,-0.0375910351979111
Q34S,-0.2348556107392472
Q34T,0.06440562357339
Q34V,-0.2698882665624937
Q34W,-0.8353948045668167
Q34Y,-0.3809066808705239
Q51A,0.1154490549158602
Q51C,-0.5685031575216581
Q51D,-2.659990786109339
Q51E,-2.359998206867899
Q51F,-1.1783547171103903
Q51G,-1.1242971409832658
Q51H,-1.5179272450524004
Q51I,0.1050944062237393
Q51K,-1.063876836725444
Q51L,-0.4138265857814716
Q51M,-0.4448000781350174
Q51N,-1.624629654818703
Q51P,-2.180297281571631
Q51R,-0.1600416234773831
Q51S,-0.963935582578478
Q51T,-0.9055089467012838
Q51V,0.1055622476612709
Q51W,-1.0032589236307952
Q51Y,-1.0890632937052254
Q59A,0.1415795260032295
Q59C,0.0295619967866782
Q59D,-0.2164565259671036
Q59E,0.1593402717381424
Q59F,0.0086359777802567
Q59G,-0.3265022783840416
Q59H,-0.1588785010942812
Q59I,-0.0248930360755688
Q59K,0.2930312183924171
Q59L,0.3234406153602034
Q59M,0.3602359575626339
Q59N,-0.020203476195765
Q59P,-2.2860690151439043
Q59R,0.1909336675995332
Q59S,-0.1814165393229272
Q59T,-0.3050406923958926
Q59V,-0.3220461579250884
Q59W,-0.2458493671222106
Q59Y,0.0256241648405568
Q64A,0.0730582438807081
Q64C,0.1674420192182051
Q64D,-0.2369234177286756
Q64E,0.0232871882922305
Q64F,-0.389492478906484
Q64G,-0.2180922087072527
Q64H,0.3220166467438217
Q64I,-0.039612753627412
Q64K,-0.3604139074302335
Q64L,-0.0714579995899624
Q64M,0.0342083413016807
Q64N,0.0056405688310237
Q64P,-0.975880350053362
Q64R,-0.508299470788939
Q64S,0.0028597227987523
Q64T,-0.1858947877118408
Q64V,-0.3497673325010373
Q64W,-0.4285247457158574
Q64Y,-0.4951987789689109
R42A,0.1033258667325691
R42C,-0.596494998513323
R42D,-0.733486145717158
R42E,-0.458923149709463
R42F,-0.2619524814088416
R42G,-0.4590832718362461
R42H,-0.2012255223194792
R42I,-0.2836652304137894
R42K,-0.1268728717516873
R42L,-0.3356971940061291
R42M,-0.1894993614398652
R42N,-0.1902509513691805
R42P,-3.123033215846121
R42Q,-0.3602725504926036
R42S,-0.1588151693016133
R42T,-0.3332521399725072
R42V,-0.4867816750896359
R42W,-0.6711927180647708
R42Y,-0.1912159875624288
R62A,-0.2055700079529803
R62C,-0.6556867656687597
R62D,-1.2300373267186062
R62E,-1.0582751748880792
R62F,-0.3130905052372572
R62G,-0.7003039401909947
R62H,-0.4063606590946289
R62I,-0.3568176188277041
R62K,0.2587834710595098
R62L,-0.0370030918607264
R62M,-0.5448754473109716
R62N,-0.1228116231242557
R62P,-1.9960014271531867
R62Q,-0.5384869538413213
R62S,-0.6544317148210821
R62T,-0.7662824839362639
R62V,-0.2892564951592957
R62W,-0.58689547632921
R62Y,-0.4917497251320619
S1A,0.0655973063160546
S1C,0.3004777901461972
S1D,0.1126371114978495
S1E,-0.1324491713224178
S1F,0.2696165116257356
S1G,0.0113437625150778
S1H,0.126130487337746
S1I,0.1694654890054829
S1K,0.2548032086717713
S1L,0.1547080800726847
S1M,0.3529740996687254
S1N,0.1421301888373074
S1P,0.3189777082674476
S1Q,0.1764697124877559
S1R,-0.1303387744156952
S1T,0.229840479023891
S1V,0.1962456828266434
S1W,0.2770404547920311
S1Y,0.2414113229339447
S20A,0.3492750620565958
S20C,-0.2934499313127974
S20D,-0.0635775177814483
S20E,-0.4511018535310911
S20F,-0.6926326274179111
S20G,0.289375105930497
S20H,0.1224382949576927
S20I,-0.494998893323439
S20K,0.1248383543260169
S20L,-0.0411376643139655
S20M,0.2544820172485034
S20N,0.4212877313773644
S20P,-0.4859159937954955
S20Q,0.2553646563900473
S20R,0.1578100340986008
S20T,-0.3777172865581972
S20V,-0.4289349395173047
S20W,-0.7508173625321009
S20Y,-0.7069035626769309
S28A,-0.5943784273607893
S28C,-0.6619005550659018
S28D,-0.2760418293024438
S28E,-0.9074345984659784
S28F,-1.5028370391041772
S28G,-0.7176215202131138
S28H,-0.523460248165939
S28I,-1.5920478355648813
S28K,-0.8721021223371279
S28L,-1.5139378984784435
S28M,-1.032350246694942
S28N,0.0252668656592982
S28P,-3.3087783427923565
S28Q,-0.912435167392557
S28R,-0.4495026811500668
S28T,0.3264312460472158
S28V,-1.3768788720636636
S28W,-1.644494898263806
S28Y,-1.3672153650762442
S33A,-0.0964059318227219
S33C,-0.3441206723743617
S33D,-1.5340803699344367
S33E,-0.8383151834293248
S33F,0.1860012865997768
S33G,-0.7771481972639949
S33H,-0.6286092958939222
S33I,0.1986980255778414
S33K,-0.1686262777145906
S33L,0.5115768092527544
S33M,0.226739870252147
S33N,-0.6200433073717719
S33P,-1.53463967288207
S33Q,-0.4404935519146109
S33R,-0.1518090905294409
S33T,-0.0941600158222275
S33V,0.1889219202321426
S33W,-0.2961905373701983
S33Y,-0.1659208308302586
S57A,0.5769431057260279
S57C,0.128986413811222
S57D,-0.4786523991836571
S57E,0.3273491492035907
S57F,-0.2671144974153003
S57G,-0.3590464054899192
S57H,-0.0346444413026487
S57I,-1.0224978533079971
S57K,-1.010949577792506
S57L,-0.4548597019467948
S57M,-0.1514321730974268
S57N,-0.8258884831613709
S57P,-3.675080647763944
S57Q,-0.2447299201557236
S57R,-1.17267833094671
S57T,-1.408159777259434
S57V,-1.250748541878791
S57W,0.1029555278483416
S57Y,-0.0693750766972369
T27A,-0.5473675861579661
T27C,-0.5440068820096018
T27D,-0.48642428676151
T27E,-1.1542083276149326
T27F,-0.7224915735286324
T27G,-0.8404772804087259
T27H,-0.5443425905499968
T27I,-0.097605169204014
T27K,-0.2548603382164218
T27L,-0.5149988176645239
T27M,-0.5689176677106791
T27N,-0.1856122345764816
T27P,-2.8126871791319528
T27Q,-0.4967231232506357
T27R,-0.1339810353903585
T27S,-0.3525447646858319
T27V,-0.196107361518564
T27W,-0.699887659866619
T27Y,-0.6344732252428309
T46A,-0.3582224794606734
T46C,-0.530321489002425
T46D,-0.6593971931640654
T46E,-0.4779257551137199
T46F,-0.0914036574461478
T46G,-0.9924418937779969
T46H,-0.1305109754980122
T46I,0.0877699310526933
T46K,-0.0456607102900985
T46L,0.0304607584390383
T46M,-0.1547189513040487
T46N,-0.3219645639744231
T46P,-1.5732150558948923
T46Q,-0.2152109747718773
T46R,-0.1630565984987457
T46S,-0.2957726523340369
T46V,0.1435586726310953
T46W,-0.6008341786544884
T46Y,-0.1653627437875586
T4A,-0.6459673083785775
T4C,-0.2833336510949786
T4D,-0.5132431922824949
T4E,-0.4861030065200165
T4F,-0.7257309793179463
T4G,-0.5376826937320942
T4H,-0.7412142225591931
T4I,-1.053580153753782
T4K,-0.8061527610172528
T4L,-0.8679198913658368
T4M,-0.905159602855774
T4N,-0.0965364952393388
T4P,-0.9593452017151324
T4Q,-0.8227548983576192
T4R,-0.7118093456757748
T4S,0.0753909329755861
T4V,-0.997661777464546
T4W,-0.6221438631631528
T4Y,-0.9192978728626188
V31A,0.1550615893027176
V31C,-0.3184739759471524
V31D,-0.4330066948238853
V31E,-0.2429583418758572
V31F,-0.4357947378405855
V31G,-0.6673143382031768
V31H,-0.299459943595326
V31I,0.2289546034839578
V31L,0.4158733252514137
V31M,0.0575593965517304
V31N,-0.4296433462292564
V31P,-1.8469343901824669
V31Q,-0.0974419188844519
V31R,0.464965383630914
V31S,0.1387670014860429
V31T,0.1043786646701763
V31W,-0.8259243874261428
V31Y,-0.553825518252435
V32A,-2.445428305442317
V32C,-1.495792689504733
V32D,-3.6172302798856935
V32E,-3.4802876133556824
V32F,-2.3823916265633853
V32G,-3.507164719053628
V32H,-2.798263170784825
V32I,-0.1002159396382262
V32K,-3.8181043402697874
V32L,-1.02372572893443
V32M,-2.198710884164356
V32N,-3.907727446809973
V32P,-3.805591502435573
V32Q,-3.7113155376862528
V32R,-3.637982752393345
V32S,-3.300858540931509
V32T,-2.126066168626495
V32W,-2.6524375757084977
V32Y,-2.995933523367575
V43A,0.3004874486607454
V43C,0.14353603272074
V43D,-3.5088354512694533
V43E,-3.815770785488517
V43F,-2.279609248570642
V43G,-1.0224091407191749
V43H,-3.2642376582527497
V43I,0.1077159821846533
V43K,-3.631470793503525
V43L,0.0521079072765866
V43M,-0.6771045088000278
V43N,-3.006958449306486
V43P,-3.837150886823485
V43Q,-3.15520006789955
V43R,-3.0168746304370595
V43S,-1.10055857103333
V43T,-0.8442746416428748
V43W,-2.932175363150412
V43Y,-2.9299104716899373
V45A,-2.1951230085216125
V45C,-1.304130877272026
V45D,-3.4509556001825934
V45E,-3.5590686623848526
V45F,-3.0320317046123746
V45G,-3.3489983683894446
V45H,-3.625520671398221
V45I,-0.0473605327042827
V45K,-2.9659156844292287
V45L,-2.4438224705561606
V45M,-2.166359620392299
V45N,-3.455076910956125
V45P,-3.5326683612297
V45Q,-3.5331371511414407
V45R,-3.1982356564271748
V45S,-3.26849043261556
V45T,-2.997371789360068
V45W,-3.00759811001621
V45Y,-2.8219488268532813
V5A,-2.899243275129541
V5C,-2.0725987241164634
V5D,-3.3476041564698766
V5E,-3.710088090287722
V5F,-2.4051537991650007
V5G,-3.692018289449521
V5H,-3.1905027013099625
V5I,-0.2304926558249009
V5K,-3.091422465401937
V5L,-1.5460462256284622
V5M,-2.002850154249843
V5N,-3.6411301524944086
V5P,-1.8392206729283584
V5Q,-3.736649712859872
V5R,-3.3604776082932126
V5S,-2.917625523288096
V5T,-1.4404111955361758
V5W,-2.32000418877336
V5Y,-2.335910933324407
V60A,0.2500948386211865
V60C,0.3196486849713951
V60D,-0.1720340977901786
V60E,0.3496483833883399
V60F,0.1406070950230216
V60G,-0.4401119972447675
V60H,0.2057616762830463
V60I,0.2919055172007345
V60K,0.0419236661040693
V60L,0.3708358120221122
V60M,0.0908770830505121
V60N,-0.3177613733745854
V60P,-1.8973985460763108
V60Q,0.1144285476799549
V60R,-0.1136076174630913
V60S,-0.2686455011447544
V60T,-0.1669928659175319
V60W,0.0229049987289675
V60Y,0.2621014607657494
W8A,-3.610898823866535
W8C,-2.3548781987733527
W8D,-3.8981900685974855
W8E,-4.540056957774155
W8F,-1.4904304763831258
W8G,-5.292036790943972
W8H,-3.266545848379452
W8I,-3.5555675383509
W8K,-3.8436140594335466
W8L,-2.759532514031277
W8M,-2.8142325645680457
W8N,-3.734588088486938
W8P,-3.6683923006419
W8Q,-3.9017477519716586
W8R,-4.053639760570568
W8S,-4.014671649604425
W8T,-3.956940005942273
W8V,-3.423148883455742
W8Y,-2.869885684750394
Y17A,-3.5970850948979134
Y17A:H50A,-3.5069804836927543
Y17A:H50C,-2.5593874626808417
Y17A:H50D,-3.0729141243757887
Y17A:H50E,-3.3624365265419653
Y17A:H50F,-2.945751804954199
Y17A:H50G,-3.812008711110261
Y17A:H50I,-2.8795629004561967
Y17A:H50K,-3.9798230344462993
Y17A:H50L,-2.674772635922824
Y17A:H50M,-3.099458239963357
Y17A:H50N,-3.731986528921697
Y17A:H50P,-4.116097081676014
Y17A:H50Q,-3.589908168790391
Y17A:H50R,-3.993800201637408
Y17A:H50S,-3.841008120147449
Y17A:H50T,-3.710299362261418
Y17A:H50V,-3.16216012640614
Y17A:H50W,-2.531003346063083
Y17A:H50Y,-2.832923261207956
Y17C,-2.5053460546640096
Y17C:H50A,-2.4844234684835884
Y17C:H50C,-2.3718974465532594
Y17C:H50D,-2.178938861811882
Y17C:H50E,-2.586312621765742
Y17C:H50F,-1.9816438754415373
Y17C:H50G,-2.852390650730819
Y17C:H50I,-1.9146370306308125
Y17C:H50K,-2.973566130898863
Y17C:H50L,-1.7972254730293478
Y17C:H50M,-1.9638566567228224
Y17C:H50N,-2.406879734326044
Y17C:H50P,-2.945437928559492
Y17C:H50Q,-2.69719291461569
Y17C:H50R,-2.6336347457981737
Y17C:H50S,-2.672609484705355
Y17C:H50T,-2.9479111367747866
Y17C:H50V,-2.2989247060276283
Y17C:H50W,-1.5858412956009773
Y17C:H50Y,-2.208928459428602
Y17D,-3.6655030575643086
Y17D:H50A,-3.6088374301728807
Y17D:H50C,-2.591754144678206
Y17D:H50D,-3.856690558577431
Y17D:H50E,-4.110874886130142
Y17D:H50F,-3.0180572264630987
Y17D:H50G,-3.8828102255599584
Y17D:H50I,-2.691288071530296
Y17D:H50K,-3.908461829133523
Y17D:H50L,-3.113344325287448
Y17D:H50M,-3.0872216612927588
Y17D:H50N,-4.07336224673805
Y17D:H50P,-4.595845528589659
Y17D:H50Q,-4.017889208035629
Y17D:H50R,-5.214031092003688
Y17D:H50S,-3.601562779309134
Y17D:H50T,-4.226925946611909
Y17D:H50V,-3.437854952934794
Y17D:H50W,-2.628007942482556
Y17D:H50Y,-3.422091694379417
Y17E,-3.534469892136032
Y17E:H50A,-3.58430410527043
Y17E:H50C,-2.525123635410802
Y17E:H50D,-3.71158804920409
Y17E:H50E,-3.929021458651458
Y17E:H50F,-3.008537473069194
Y17E:H50G,-4.450658520256078
Y17E:H50I,-2.8426940351546737
Y17E:H50K,-4.279357768668752
Y17E:H50L,-2.7690044221591785
Y17E:H50M,-3.182239061154736
Y17E:H50N,-4.126930490904708
Y17E:H50P,-4.4894138323741535
Y17E:H50Q,-3.950556538059121
Y17E:H50R,-4.249362568399292
Y17E:H50S,-3.7516531994994167
Y17E:H50T,-3.993802966625447
Y17E:H50V,-3.332894429692277
Y17E:H50W,-2.779060287344897
Y17E:H50Y,-3.092460166605888
Y17F,-1.5292021926659864
Y17F:H50A,-1.9715645961928367
Y17F:H50C,-2.1531881013448944
Y17F:H50D,-0.7162669650325579
Y17F:H50E,-1.215323846142233
Y17F:H50F,-2.2162556480753
Y17F:H50G,-2.939645820277804
Y17F:H50I,-2.2881374986247964
Y17F:H50K,-3.094289589862983
Y17F:H50L,-1.8244959564037253
Y17F:H50M,-1.6391992547763672
Y17F:H50N,-2.180189110994469
Y17F:H50P,-2.6163332771946366
Y17F:H50Q,-1.3700023925837912
Y17F:H50R,-3.241573995982
Y17F:H50S,-2.3428346371471465
Y17F:H50T,-2.913757338942564
Y17F:H50V,-2.64547446169988
Y17F:H50W,-1.783597198545487
Y17F:H50Y,-2.101639526438049
Y17G,-3.6193630896555664
Y17G:H50A,-3.497629571352336
Y17G:H50C,-2.548384863950793
Y17G:H50D,-4.093216076517568
Y17G:H50E,-4.089485232246981
Y17G:H50F,-3.115829880992891
Y17G:H50G,-3.8279067503420094
Y17G:H50I,-2.90825003906352
Y17G:H50K,-3.815931084677064
Y17G:H50L,-2.862813936784653
Y17G:H50M,-3.1752933856433243
Y17G:H50N,-3.876638303133424
Y17G:H50P,-4.010870233690561
Y17G:H50Q,-3.869292840694452
Y17G:H50R,-3.995381456260684
Y17G:H50S,-3.7842357843061487
Y17G:H50T,-3.7467633409194505
Y17G:H50V,-3.059774944690881
Y17G:H50W,-2.280788676156652
Y17G:H50Y,-3.308531510337463
Y17H,-1.6144265403734102
Y17H:H50A,-2.609574264694693
Y17H:H50C,-2.4218698816419
Y17H:H50D,-0.9931857317343536
Y17H:H50E,-1.2132531775725155
Y17H:H50F,-2.847534544084179
Y17H:H50G,-3.408017536863537
Y17H:H50I,-2.9276196937489773
Y17H:H50K,-3.3828538220689723
Y17H:H50L,-2.666161225949065
Y17H:H50M,-2.8171991397011973
Y17H:H50N,-2.766504206715584
Y17H:H50P,-3.442106895618906
Y17H:H50Q,-2.005016970658435
Y17H:H50R,-3.698926833157506
Y17H:H50S,-2.742924417929283
Y17H:H50T,-3.3741306800910875
Y17H:H50V,-2.8768228020192192
Y17H:H50W,-2.525679297225365
Y17H:H50Y,-3.0844452581051462
Y17I,-3.214682454583467
Y17I:H50A,-3.0987659373023657
Y17I:H50C,-2.0838500972902185
Y17I:H50D,-3.0798867460658754
Y17I:H50E,-3.2947785569088013
Y17I:H50F,-2.8679657339870257
Y17I:H50G,-3.713536709864448
Y17I:H50I,-2.400144953083058
Y17I:H50K,-3.40907375956453
Y17I:H50L,-2.4028764381421808
Y17I:H50M,-2.3969717843803027
Y17I:H50N,-3.5419632466350546
Y17I:H50P,-3.6635586184053066
Y17I:H50Q,-3.465024710383049
Y17I:H50R,-3.491539345985192
Y17I:H50S,-3.4849952927438608
Y17I:H50T,-3.5311700391000205
Y17I:H50V,-2.586460963903103
Y17I:H50W,-2.3027752849652394
Y17I:H50Y,-2.817468808637924
Y17K,-3.630388066411317
Y17K:H50A,-3.463232746042631
Y17K:H50C,-2.4685112689724504
Y17K:H50D,-3.3094594496404595
Y17K:H50E,-3.306850293052007
Y17K:H50F,-2.699505221364628
Y17K:H50G,-4.0981734428185606
Y17K:H50I,-2.624062827969923
Y17K:H50K,-3.9674890459678687
Y17K:H50L,-2.76649658088754
Y17K:H50M,-2.8825841251184205
Y17K:H50N,-3.725964007732388
Y17K:H50P,-4.322836606910943
Y17K:H50Q,-3.834341561218167
Y17K:H50R,-3.5810468036000382
Y17K:H50S,-3.898222454515688
Y17K:H50T,-3.2553999533799964
Y17K:H50V,-3.2654521862719634
Y17K:H50W,-2.547369626010895
Y17K:H50Y,-3.200177482916626
Y17L,-2.5884780402584906
Y17L:H50A,-2.7322003731377587
Y17L:H50C,-2.4813898815372832
Y17L:H50D,-1.8172322346098408
Y17L:H50E,-2.103922606745069
Y17L:H50F,-2.5508725675588946
Y17L:H50G,-3.5393042064625853
Y17L:H50I,-2.391575599835103
Y17L:H50K,-3.182927072696579
Y17L:H50L,-2.424507400959323
Y17L:H50M,-2.315618272026861
Y17L:H50N,-2.967999260766453
Y17L:H50P,-3.27493012984244
Y17L:H50Q,-2.4811084188011354
Y17L:H50R,-3.419647466943521
Y17L:H50S,-2.976820734723036
Y17L:H50T,-3.166905647812848
Y17L:H50V,-2.7842198478999336
Y17L:H50W,-2.127048595486935
Y17L:H50Y,-2.726336265267262
Y17M,-3.183806963073754
Y17M:H50A,-2.9825624892987546
Y17M:H50C,-2.3473345645995938
Y17M:H50D,-2.334994927012701
Y17M:H50E,-2.6584914423249484
Y17M:H50F,-2.63359616912919
Y17M:H50G,-3.810487462926808
Y17M:H50I,-2.8546681491808914
Y17M:H50K,-3.88926920732086
Y17M:H50L,-2.471773475316743
Y17M:H50M,-2.7635571574009496
Y17M:H50N,-3.3108709273683727
Y17M:H50P,-3.777593877917048
Y17M:H50Q,-3.0461166277856555
Y17M:H50R,-3.9185143781633847
Y17M:H50S,-3.4465700497162644
Y17M:H50T,-3.5206229583249526
Y17M:H50V,-2.87366329396375
Y17M:H50W,-2.326034298762981
Y17M:H50Y,-2.7149084080267603
Y17N,-3.673452804456869
Y17N:H50A,-3.5027251740375256
Y17N:H50C,-2.387103219630695
Y17N:H50D,-3.6066653083780977
Y17N:H50E,-3.661077248943189
Y17N:H50F,-3.0344924706817524
Y17N:H50G,-3.7093830818077578
Y17N:H50I,-3.0186676201305573
Y17N:H50K,-3.526422486673053
Y17N:H50L,-2.6921640317944897
Y17N:H50M,-3.157602959922319
Y17N:H50N,-3.922296605465137
Y17N:H50P,-4.153082295924194
Y17N:H50Q,-3.3591460766156747
Y17N:H50R,-3.962885914044425
Y17N:H50S,-3.765041276564312
Y17N:H50T,-3.794991065029989
Y17N:H50V,-3.216225676934978
Y17N:H50W,-2.6570942646800018
Y17N:H50Y,-2.693722100698236
Y17P,-3.337821338904772
Y17P:H50A,-3.527068879239088
Y17P:H50C,-2.174273668757957
Y17P:H50D,-3.8542742386603392
Y17P:H50E,-3.793047397678372
Y17P:H50F,-2.5814463764423934
Y17P:H50G,-4.0215975163446265
Y17P:H50I,-2.9264942648183823
Y17P:H50K,-4.055215291630237
Y17P:H50L,-2.831475843747679
Y17P:H50M,-2.7178935217208973
Y17P:H50N,-3.913169671262402
Y17P:H50P,-4.594954961269995
Y17P:H50Q,-3.9912521603089504
Y17P:H50R,-3.798698904572126
Y17P:H50S,-3.618135103010234
Y17P:H50T,-3.799144987326807
Y17P:H50V,-3.411814785280882
Y17P:H50W,-2.6423386085244003
Y17P:H50Y,-3.000758078060435
Y17Q,-3.451975963083859
Y17Q:H50A,-3.2338240164383016
Y17Q:H50C,-2.444264134412353
Y17Q:H50D,-3.430169204349334
Y17Q:H50E,-3.5429701986422115
Y17Q:H50F,-2.969843506327218
Y17Q:H50G,-3.908842233578567
Y17Q:H50I,-2.881980375252202
Y17Q:H50K,-4.243365436916422
Y17Q:H50L,-2.6083791402730334
Y17Q:H50M,-3.22785539685499
Y17Q:H50N,-3.909601624222875
Y17Q:H50P,-4.339397307152558
Y17Q:H50Q,-3.7273765239451415
Y17Q:H50R,-3.949995726774677
Y17Q:H50S,-3.693084640872416
Y17Q:H50T,-3.500492451862303
Y17Q:H50V,-3.2965186480592217
Y17Q:H50W,-2.4586885784972656
Y17Q:H50Y,-3.225242020191777
Y17R,-3.358873673159032
Y17R:H50A,-3.411047031121154
Y17R:H50C,-2.350478378699129
Y17R:H50D,-3.4213746036069947
Y17R:H50E,-3.282368750476155
Y17R:H50F,-2.80451348215796
Y17R:H50G,-3.809959105416546
Y17R:H50I,-2.95367174827235
Y17R:H50K,-3.741585142749899
Y17R:H50L,-2.32991224415624
Y17R:H50M,-2.6469893575922
Y17R:H50N,-3.460517524222595
Y17R:H50P,-3.786298355863047
Y17R:H50Q,-3.9333450167448993
Y17R:H50R,-3.792673941153312
Y17R:H50S,-3.63070894183216
Y17R:H50T,-3.676123174556862
Y17R:H50V,-2.869572592052026
Y17R:H50W,-2.6272676642061823
Y17R:H50Y,-2.868640471229264
Y17S,-3.4166049177982694
Y17S:H50A,-3.725720838977597
Y17S:H50C,-2.401076557209075
Y17S:H50D,-3.388336045496622
Y17S:H50E,-3.400435571949347
Y17S:H50F,-3.1776434733743084
Y17S:H50G,-3.927783902365204
Y17S:H50I,-2.6446969159397264
Y17S:H50K,-4.038395170728791
Y17S:H50L,-2.8122040667135138
Y17S:H50M,-2.9297314351375934
Y17S:H50N,-3.7631308074228
Y17S:H50P,-4.077817794741589
Y17S:H50Q,-3.9676666859794265
Y17S:H50R,-3.66550480802
Y17S:H50S,-3.755510613373609
Y17S:H50T,-3.906614452188296
Y17S:H50V,-3.307011160542592
Y17S:H50W,-2.5632566763698703
Y17S:H50Y,-2.9298502358330434
Y17T,-3.404576504193452
Y17T:H50A,-3.245083105272971
Y17T:H50C,-2.492874315198015
Y17T:H50D,-3.806892741930392
Y17T:H50E,-3.676032043969654
Y17T:H50F,-2.961363832211432
Y17T:H50G,-4.374296826958097
Y17T:H50I,-2.8367874463473512
Y17T:H50K,-4.324246604130382
Y17T:H50L,-2.784662969506462
Y17T:H50M,-3.126188949349089
Y17T:H50N,-3.862469121331558
Y17T:H50P,-4.148475643861802
Y17T:H50Q,-3.7414555474894016
Y17T:H50R,-3.8654058271846896
Y17T:H50S,-3.939436775783418
Y17T:H50T,-4.264607357302323
Y17T:H50V,-3.177169462479582
Y17T:H50W,-2.6568496327741977
Y17T:H50Y,-3.130340366937914
Y17V,-3.132258534771694
Y17V:H50A,-3.300933968674608
Y17V:H50C,-2.179798749324976
Y17V:H50D,-2.889231569544994
Y17V:H50E,-3.2028790928303428
Y17V:H50F,-2.814555978344724
Y17V:H50G,-3.9981413239649983
Y17V:H50I,-2.8188184713245152
Y17V:H50K,-3.891887982153565
Y17V:H50L,-2.648737693482748
Y17V:H50M,-2.932124958721848
Y17V:H50N,-3.654284944105041
Y17V:H50P,-4.254840578581807
Y17V:H50Q,-3.56189874964541
Y17V:H50R,-3.4959135703004307
Y17V:H50S,-3.753112735757668
Y17V:H50T,-3.6008724164708594
Y17V:H50V,-3.221273764216697
Y17V:H50W,-2.4660168599559142
Y17V:H50Y,-2.739634174642634
Y17W,-1.4536894590214051
Y17W:H50A,-1.943647667197383
Y17W:H50C,-2.2350253876742263
Y17W:H50D,-0.786661072023696
Y17W:H50E,-1.0915707014739136
Y17W:H50F,-2.269357133133886
Y17W:H50G,-2.9229666369222107
Y17W:H50I,-2.400950712007258
Y17W:H50K,-3.0798069178690506
Y17W:H50L,-2.034702641304232
Y17W:H50M,-1.965101593884928
Y17W:H50N,-2.6568585100461606
Y17W:H50P,-2.719833342699204
Y17W:H50Q,-1.7472507553866166
Y17W:H50R,-3.282996343162813
Y17W:H50S,-2.3213452000139543
Y17W:H50T,-2.813671678670402
Y17W:H50V,-2.5962703774698617
Y17W:H50W,-2.0770599749708705
Y17W:H50Y,-2.453294991477644
