mutant,score,predict_score
A45C,0.3826299900159089,-5.7551679611206055
A45D,-0.0125201881546361,0.5489952564239502
A45E,0.2595338380302858,-1.1621301174163818
A45F,-0.2907536696486184,-6.127803802490234
A45G,-0.2215742515284571,-1.5533034801483154
A45H,-0.003529827403093,-3.449673891067505
A45I,0.0359233273981738,-4.8941802978515625
A45K,0.0414341513624521,-2.604825735092163
A45L,0.1417332688859507,-4.750597953796387
A45M,0.0775520736866228,-4.806303024291992
A45N,0.0369565850915369,-0.2080235481262207
A45P,0.832524197792269,-11.860311508178711
A45Q,0.098199196984499,-2.5966956615448
A45R,0.0935601452626668,-4.3581132888793945
A45S,-0.0345360189921981,-1.0789196491241455
A45T,-0.0578880340825889,-1.3436322212219238
A45V,0.0093505485863447,-3.596738576889038
A45W,0.0400221631656156,-8.053466796875
A45Y,-0.3486026973081957,-5.650883674621582
A53C,0.1691953322327304,-6.268294334411621
A53D,0.3824582141367507,-5.80284309387207
A53E,0.558254426650195,-4.632363796234131
A53F,-0.0550138525099335,-7.0297393798828125
A53G,0.046012828983307,-4.875421047210693
A53H,0.3119401455627422,-5.693981647491455
A53I,0.1341055784146139,-2.5971932411193848
A53K,0.2373670975488151,-3.611362934112549
A53L,0.1597881196145549,-4.548595428466797
A53M,0.057681618271471,-4.3798136711120605
A53N,0.3341959626813366,-2.359201431274414
A53P,-0.3785709147235696,-6.914883613586426
A53Q,0.2184566778897787,-3.5354490280151367
A53R,0.0793983593403089,-5.340754508972168
A53S,0.1173661041837128,-2.8037214279174805
A53T,0.1468451622706217,-1.6608566045761108
A53V,0.2035359625808901,-1.7943929433822632
A53W,-0.394233454083392,-10.116759300231934
A53Y,-0.2042756210398826,-7.361180305480957
A7C,0.6589086403332218,-8.793962478637695
A7D,-0.3935933589631819,-9.130786895751953
A7E,0.00045542527412,-5.881574630737305
A7F,0.519833323886798,-7.119671821594238
A7G,-0.222486440064328,-6.693076133728027
A7H,0.0571821131119811,-6.145923614501953
A7I,0.4424944902650969,-8.99929428100586
A7K,-0.1466290931901603,-6.920671463012695
A7L,0.8265426792073449,-7.625738143920898
A7M,0.874645967124104,-8.138111114501953
A7N,-0.1829143296501216,-7.427065849304199
A7P,-1.0337678095954426,-15.037833213806152
A7Q,0.0408868703876961,-6.282533168792725
A7R,0.0729186234639098,-6.987727165222168
A7S,-0.2189773798136318,-5.578965187072754
A7T,-0.1583224794108839,-7.03609037399292
A7V,-0.0054153700778289,-6.598695755004883
A7W,0.8779170177871807,-10.04576301574707
A7Y,0.4155431374721727,-7.160167217254639
D26A,-0.5642572454623798,-13.845673561096191
D26C,-0.1462773274951363,-13.282236099243164
D26E,-0.476703656857993,-13.34190845489502
D26F,-0.6447817622975678,-17.18299674987793
D26G,-0.354429435241745,-15.16433334350586
D26H,0.1550325345796319,-12.82970142364502
D26I,-0.7377667313423291,-16.699691772460938
D26K,-0.1806972032138478,-17.182125091552734
D26L,-0.5712905094242902,-17.031200408935547
D26M,-0.6400359268109315,-16.989110946655273
D26N,-0.4378595927483348,-12.009806632995605
D26P,-0.5518216789343251,-21.620197296142578
D26Q,-0.5728468940244398,-15.763060569763184
D26R,-0.5506773116422021,-19.487585067749023
D26S,-0.3734691689225684,-13.919079780578613
D26T,-0.4610847417424852,-15.836267471313477
D26V,-0.7480095473272204,-15.438699722290039
D26W,-0.765681286336922,-19.590862274169922
D26Y,-0.5310469778129114,-16.19986343383789
D51A,-0.8554277227568006,-9.648232460021973
D51C,-0.3333423919139524,-11.288187026977539
D51E,-0.6084768940148171,-7.40913724899292
D51F,-0.7074255708239443,-11.324042320251465
D51G,-1.0952467081010449,-11.985713005065918
D51H,-0.602825901795403,-8.524170875549316
D51I,-0.5130747185631899,-13.579472541809082
D51K,-1.1886223917336838,-9.986204147338867
D51L,-0.6280223705729051,-12.258392333984375
D51M,-0.7134009004850055,-10.104143142700195
D51N,-0.0950438936790782,-3.727804660797119
D51P,-1.6775155187691393,-15.257789611816406
D51Q,-1.01215111840889,-8.724668502807617
D51R,-1.2029112040533592,-12.75017261505127
D51S,-0.4273995412777913,-6.792426586151123
D51T,-1.3714157508664215,-12.263565063476562
D51V,-0.999976831732516,-11.708292961120605
D51W,-0.743228276281783,-14.285383224487305
D51Y,-0.7621170128425814,-10.862513542175293
E11A,-0.002366706731228,1.1059470176696777
E11C,0.3216769129920047,-3.418790817260742
E11D,-0.316251830240239,-4.087981700897217
E11F,-0.163113546776676,-2.549297332763672
E11G,-0.4594940257423987,-1.7478523254394531
E11H,-0.0507636221374392,-0.7399930953979492
E11I,0.2497623923439147,-2.615870475769043
E11K,-0.0356653497577852,-0.41607165336608887
E11L,0.0460144819829189,-2.3811230659484863
E11M,0.2322366363233867,-2.2884273529052734
E11N,-0.2145013007789695,-0.9513993263244629
E11P,-1.4322409171451456,-10.20080852508545
E11Q,0.1075474732114587,0.6254360675811768
E11R,-0.0212921204169624,-1.6708407402038574
E11S,-0.1188572979611826,-0.43359804153442383
E11T,-0.1334937087480838,0.7638604640960693
E11V,0.0599780180295348,-0.7167990207672119
E11W,0.0928377652920868,-4.614039421081543
E11Y,-0.1292971385689485,-1.9423370361328125
E18A,0.121500448187088,-3.0334832668304443
E18C,0.2073331393233473,-6.807102203369141
E18D,-0.0500619145612728,-2.9955146312713623
E18F,-0.1176757407482917,-10.239057540893555
E18G,-0.5360093490089701,-3.2881386280059814
E18H,-0.0385965299312753,-7.678183078765869
E18I,-0.1240599560333319,-8.120595932006836
E18K,0.0441737278227165,-6.251702785491943
E18L,0.1311737447241308,-8.077423095703125
E18M,-0.0383274614183428,-8.350725173950195
E18N,0.0315297694202558,-4.8340678215026855
E18P,-1.4137088866323977,-10.997597694396973
E18Q,0.0285629365633672,-5.243918418884277
E18R,0.0538613816106514,-8.033935546875
E18S,-0.1031207756053138,-3.1556737422943115
E18T,-0.269756340279748,-5.690126895904541
E18V,-0.1962747134671856,-6.7417731285095215
E18W,-0.1129902158091114,-11.288765907287598
E18Y,-0.1220950764740504,-9.972284317016602
E3A,-0.2250391356768863,-7.989012241363525
E3C,-0.1488709214199666,-13.185867309570312
E3D,-0.4619753265470372,-7.4275054931640625
E3F,-0.4228193243580329,-11.962059020996094
E3G,-0.6704005365142183,-10.960762023925781
E3H,-0.6795672097072323,-11.518607139587402
E3I,-0.3002013934015517,-11.695050239562988
E3K,-0.9315693366171908,-10.838007926940918
E3L,-0.2843276175448039,-11.26963996887207
E3M,-0.3211176215187103,-11.949905395507812
E3N,-0.8775696050396014,-11.233821868896484
E3P,-0.876153321332569,-11.771367073059082
E3Q,-0.6382272472862915,-8.66413688659668
E3R,-1.0764063972227884,-12.936525344848633
E3S,-0.5321851834591302,-10.975972175598145
E3T,-0.4850774378991502,-10.888460159301758
E3V,-0.3185556624691132,-9.218056678771973
E3W,-0.2670791396838829,-13.865182876586914
E3Y,-0.372292112872477,-11.849525451660156
E57A,0.2691287977114873,-4.559529781341553
E57C,-0.0914746810144104,-11.499258995056152
E57D,-0.0482310637795273,-7.109298229217529
E57F,-0.5490054258296269,-10.362836837768555
E57G,-0.8331724870288189,-7.219655990600586
E57H,-0.3830114529698889,-8.794888496398926
E57I,-0.2506992952429256,-8.673742294311523
E57K,-0.12928846968925,-7.000730514526367
E57L,-0.2564580775778089,-8.331544876098633
E57M,-0.2501866542763067,-7.853459358215332
E57N,-0.2401741081569652,-8.022686958312988
E57P,-1.5978579556748482,-15.56373405456543
E57Q,0.0092485455633237,-4.949698448181152
E57R,-0.452481045904141,-9.17956256866455
E57S,-0.2448651152170367,-6.28762149810791
E57T,-0.3969769284183666,-6.8714070320129395
E57V,-0.3155257733477912,-7.217495918273926
E57W,-0.36859152903678,-13.118717193603516
E57Y,-0.4269994645524466,-9.89880084991455
E60A,0.3228727760761027,1.309184193611145
E60C,0.094370462439659,-2.815361976623535
E60D,-0.1405757327240282,-2.5617995262145996
E60F,-0.3507025630147016,-5.95049524307251
E60G,-0.1750281732119951,-0.9039173126220703
E60H,0.0930547725385193,-3.8314294815063477
E60I,0.1032263779971995,-5.111027717590332
E60K,0.179879601148313,-1.7277522087097168
E60L,0.0863441208780178,-4.252860069274902
E60M,0.0525472826655892,-3.916400909423828
E60N,-0.0137606238337308,-1.1619300842285156
E60P,-1.208227059032064,-7.071680545806885
E60Q,0.0707517338765186,-0.7340006828308105
E60R,0.2110725930510493,-4.018553733825684
E60S,0.0857879259755938,0.30868756771087646
E60T,-0.1391747405418582,-1.4320645332336426
E60V,-0.0764726263842159,-2.6640000343322754
E60W,-0.3899532635060847,-8.01649284362793
E60Y,-0.286785179324581,-5.628909111022949
G32A,0.635957732704012,-8.957111358642578
G32C,0.756941503335312,-13.993247032165527
G32D,0.3965118681918067,-16.82792091369629
G32E,0.649833567497585,-18.187088012695312
G32F,0.4463847684817636,-18.41193199157715
G32H,0.5834992261370049,-18.267261505126953
G32I,0.7303396695969511,-17.904197692871094
G32K,0.6981864408140166,-20.26068115234375
G32L,0.8493250208415795,-18.027925491333008
G32M,0.8597576189134917,-16.974382400512695
G32N,0.6270432154733268,-15.44468879699707
G32P,-0.5280476107072962,-20.906177520751953
G32Q,0.6945382136905636,-18.796621322631836
G32R,0.7723073033478491,-17.816551208496094
G32S,0.4624557753588387,-11.52862548828125
G32T,0.649470803251099,-15.206043243408203
G32V,0.7500754431437904,-15.65489673614502
G32W,0.6422144347820353,-18.87135887145996
G32Y,0.4577300019118047,-18.645832061767578
G38A,0.4132256539050658,-8.366958618164062
G38C,0.5759954054832672,-13.047582626342773
G38D,0.181671770194705,-12.565278053283691
G38E,0.4957953500913872,-13.981762886047363
G38F,0.1886890492679387,-14.502573013305664
G38H,0.2854200254934929,-11.758323669433594
G38I,0.4671931843967329,-15.415987968444824
G38K,0.4199605938231894,-15.968538284301758
G38L,0.4657427384383936,-14.009720802307129
G38M,0.5105771111413606,-13.518163681030273
G38N,0.307696554916836,-7.321995258331299
G38P,-1.6565059659605468,-21.334815979003906
G38Q,0.3008592408646255,-11.665882110595703
G38R,0.5075743115593867,-14.213022232055664
G38S,0.2606720569972633,-7.105206489562988
G38T,0.2142495056800739,-12.05939769744873
G38V,0.381316374077675,-13.659074783325195
G38W,0.4022473430643525,-14.601184844970703
G38Y,0.3827640696827936,-14.976764678955078
G63A,0.3464017547904134,-3.324641466140747
G63C,0.9566835698691564,-9.545793533325195
G63D,-0.177102660014,-7.664607524871826
G63E,-0.0856886683996713,-6.581666946411133
G63F,0.9679855764519188,-10.16441822052002
G63H,0.3728722206461183,-8.380816459655762
G63I,0.5652433774648218,-9.932782173156738
G63K,0.3731491409242289,-6.902029514312744
G63L,0.6345000706278014,-9.61518669128418
G63M,0.4793530858978885,-9.319986343383789
G63N,0.2963828814907487,-6.6246657371521
G63P,-0.4010630952864544,-9.974803924560547
G63Q,0.2353664957656085,-7.5854010581970215
G63R,0.3893601022696051,-7.450541019439697
G63S,0.2064723381905691,-4.612163066864014
G63T,0.1760008716676351,-6.858364105224609
G63V,0.4115313783873899,-7.360903739929199
G63W,0.5612464116888596,-11.330711364746094
G63Y,0.4491446069067639,-9.721033096313477
H19A,-0.5031282497294844,-17.314096450805664
H19C,0.0039745295011766,-16.44146728515625
H19D,-0.7907105041389815,-16.789325714111328
H19E,-0.6338893221085995,-17.371137619018555
H19F,-0.016228758109944,-16.091718673706055
H19G,-1.0203515309005462,-16.87839126586914
H19I,-0.2153020465184427,-16.69538116455078
H19K,-0.2462315856108952,-16.903356552124023
H19L,-0.2549120350353404,-15.372843742370605
H19M,-0.3899633424304096,-16.771652221679688
H19N,-0.7742141584437379,-13.494970321655273
H19P,-1.471332188715596,-19.237075805664062
H19Q,-0.3642972942773346,-12.799483299255371
H19R,-0.3058732823128141,-14.1817045211792
H19S,-0.540264348564139,-16.3272705078125
H19T,-0.578666322897154,-16.630062103271484
H19V,-0.4746250379492562,-17.245708465576172
H19W,0.4873727104180347,-15.625009536743164
H19Y,0.3984798381088206,-13.068543434143066
H23A,-0.4416648125596962,-12.144535064697266
H23C,0.131192234304978,-12.352611541748047
H23D,-0.4394292388990051,-15.321745872497559
H23E,-0.687457086012341,-14.977348327636719
H23F,-0.2714301807154609,-11.670782089233398
H23G,-0.664199254329148,-15.080839157104492
H23I,-0.79020497241058,-14.552316665649414
H23K,-0.5507135355574047,-13.860603332519531
H23L,-0.7192322918611997,-14.62441349029541
H23M,-0.6231364844996992,-13.398578643798828
H23N,0.094593420627691,-7.759484767913818
H23P,-1.1286724334251466,-19.37102508544922
H23Q,-0.483291895087564,-9.470669746398926
H23R,-0.6013831984743123,-12.186226844787598
H23S,-0.4461020927463228,-11.793028831481934
H23T,-0.5470974999358971,-12.774097442626953
H23V,-0.6348507959207661,-12.445075035095215
H23W,-0.4495982584452771,-12.699636459350586
H23Y,-0.3171001107877846,-10.078123092651367
H27A,0.0611421174929547,-10.649718284606934
H27C,0.1685366890459496,-12.106011390686035
H27D,-0.0881205465165058,-9.652670860290527
H27E,0.002914421706631,-13.617033004760742
H27F,0.3444352325701754,-5.398444175720215
H27G,-0.1576884969143748,-12.142226219177246
H27I,0.1625996978919146,-10.64525318145752
H27K,0.1661401239035784,-13.940666198730469
H27L,0.0193960861634518,-8.056941986083984
H27M,0.2193079886040885,-9.120600700378418
H27N,0.0399572249004038,-4.99642276763916
H27P,-0.175507414685637,-14.43899917602539
H27Q,0.0335792855233778,-8.82433795928955
H27R,-0.0303291586207112,-14.579578399658203
H27S,-0.1084470939871571,-10.137139320373535
H27T,0.0171335027949357,-10.682211875915527
H27V,-0.0038120764677422,-10.48814582824707
H27W,0.1649903590296797,-9.35994815826416
H27Y,0.1786089184100308,-5.751150131225586
H28A,0.3742533120561027,-7.664546966552734
H28C,0.3173836359259732,-9.670063018798828
H28D,0.2355951066395132,-9.204752922058105
H28E,0.2490546148263268,-12.24421215057373
H28F,-0.1165499187069261,-8.549436569213867
H28G,0.0592167532744829,-8.131752967834473
H28I,0.1566178334806149,-12.121672630310059
H28K,0.4238432251015354,-13.623663902282715
H28L,0.0846468370000934,-10.567862510681152
H28M,0.1489521853210189,-11.63750171661377
H28N,0.080375193431462,-7.818674564361572
H28P,-0.2881564046176468,-13.201766967773438
H28Q,0.2315772715929278,-9.291271209716797
H28R,0.1979566906771159,-12.553258895874023
H28S,0.3409375512904615,-5.133934020996094
H28T,0.0924726735370762,-10.44920825958252
H28V,0.3565345869304668,-10.924784660339355
H28W,-0.1285084679944379,-10.458420753479004
H28Y,-0.0372020689407843,-7.611570358276367
I13A,-1.5230712199585632,-15.303732872009277
I13C,-0.9417370664844242,-15.537059783935547
I13D,-1.4192982011448136,-24.39177131652832
I13E,-1.583985279525843,-21.949275970458984
I13F,-1.1542995105080158,-16.949806213378906
I13G,-1.3992247727980291,-21.00830078125
I13H,-1.48677284395561,-22.820287704467773
I13K,-1.336396739209956,-21.706836700439453
I13L,-1.0283160388580137,-10.235589981079102
I13M,-1.1409017996216273,-11.16975212097168
I13N,-1.523176567103448,-21.690622329711914
I13P,-1.6058174440648547,-29.036996841430664
I13Q,-1.3650468333142487,-21.558700561523438
I13R,-1.5233516996258514,-22.144102096557617
I13S,-1.5096146819917204,-19.944307327270508
I13T,-1.6330037105276332,-16.252824783325195
I13V,-1.2106553581045754,-5.9645586013793945
I13W,-1.3057808829842354,-21.962556838989258
I13Y,-1.467749886159098,-20.525108337402344
I58A,-0.4777931566018276,-12.249749183654785
I58C,-0.2435917801848508,-12.017186164855957
I58D,-1.587741759800028,-19.92337417602539
I58E,-0.8691180157867529,-18.26580047607422
I58F,-0.4571170071651504,-10.72895336151123
I58G,-1.7226821427963248,-17.993980407714844
I58H,-1.5582474035465452,-15.704686164855957
I58K,-1.6999219032016075,-16.306751251220703
I58L,0.0556364744598765,0.662480354309082
I58M,-0.1511415340219031,-7.159723281860352
I58N,-1.6103770912824735,-15.957825660705566
I58P,-1.6911231569530756,-16.261577606201172
I58Q,-0.822785940830856,-14.779802322387695
I58R,-1.7422213785445866,-15.858477592468262
I58S,-0.9368350177530972,-14.568800926208496
I58T,-0.675720179609872,-10.751368522644043
I58V,-0.063981061075149,-3.89681339263916
I58W,-0.4211513669310207,-16.052249908447266
I58Y,-0.6776413331654971,-15.20699405670166
I6A,-1.375597515412682,-12.779125213623047
I6C,-0.8840473764222585,-13.447376251220703
I6D,-1.6079721700095484,-21.88350486755371
I6E,-1.5220646418381651,-19.574295043945312
I6F,-0.9551356425749208,-13.304228782653809
I6G,-1.480162953355779,-19.329111099243164
I6H,-1.180460572887221,-19.263507843017578
I6K,-1.5513975905337876,-19.403518676757812
I6L,-0.5880319143862638,-8.061800003051758
I6M,-1.00206626147276,-10.87058162689209
I6N,-1.6162409301872869,-18.596086502075195
I6P,-1.5460772579416466,-24.281192779541016
I6Q,-1.4719268945435957,-19.42685890197754
I6R,-1.552530781485992,-20.080459594726562
I6S,-1.4967339206628902,-17.48521614074707
I6T,-1.376400943995478,-12.899612426757812
I6V,-0.654638631480277,-2.4405879974365234
I6W,-0.788412095794683,-19.685604095458984
I6Y,-0.968985751115114,-17.405445098876953
I8A,-0.0143691361108366,-6.995070457458496
I8C,0.1318535036944039,-8.275390625
I8D,-0.3526516587520127,-11.403594970703125
I8E,-0.0363065796265336,-9.846429824829102
I8F,0.1445887134131589,-6.6554856300354
I8G,-0.7153627602401083,-9.461849212646484
I8H,-0.0131583387467233,-7.544878005981445
I8K,0.1259516530989808,-6.864387512207031
I8L,0.184776143401347,-1.7384629249572754
I8M,0.0782474391647367,-3.4419972896575928
I8N,-0.2023809878511153,-7.275634765625
I8P,-1.439494913374282,-13.992658615112305
I8Q,0.0497692966170717,-5.546738624572754
I8R,0.1414521135815691,-6.287732124328613
I8S,-0.2566135794238628,-7.795579433441162
I8T,-0.1304825679287167,-6.542475700378418
I8V,-0.1373935094511034,-2.9739701747894287
I8W,0.3959831544111831,-9.036094665527344
I8Y,0.2092087928454011,-7.6504364013671875
K24A,0.0499413272339199,-5.994170665740967
K24C,0.3695256062428562,-8.649559020996094
K24D,0.0027011170055799,-8.776158332824707
K24E,-0.0381405482570311,-9.63416862487793
K24F,-0.0984285099401529,-8.920648574829102
K24G,0.2012887530697824,-5.100244045257568
K24H,0.0355968799923966,-6.01764440536499
K24I,-0.0057439084113912,-8.261872291564941
K24L,-0.0543301594175087,-7.225764274597168
K24M,-0.0367265124828799,-7.013555526733398
K24N,0.1748941558257111,-4.922183513641357
K24P,0.5193383570968382,-4.379968643188477
K24Q,0.0613399693290026,-6.545324802398682
K24R,0.0708721623329271,-4.299232482910156
K24S,0.1772196484561159,-5.608968257904053
K24T,0.158691481599305,-6.221677780151367
K24V,0.1053207827012201,-7.785524845123291
K24W,0.036210079019443,-10.744054794311523
K24Y,-0.0623744674317281,-8.873884201049805
K25A,0.1232281140529507,-5.791259288787842
K25C,0.3589908556037455,-7.68500280380249
K25D,0.4329572799809673,-7.154386043548584
K25E,0.3869790885707393,-9.1825532913208
K25F,0.114854641385151,-6.313800811767578
K25G,0.3203352495106157,-5.155845642089844
K25H,0.2553987938057114,0.28119993209838867
K25I,-0.2047508513524105,-8.006026268005371
K25L,0.055156234360421,-5.993691444396973
K25M,0.1099265525917285,-6.457118034362793
K25N,0.4382445171317695,-1.8193655014038086
K25P,-0.3668959616913394,-10.670340538024902
K25Q,0.1084054194535584,-2.83842396736145
K25R,0.0594216968883913,-4.365541934967041
K25S,0.2330863390405908,-4.912092208862305
K25T,0.2116208127375509,-5.564952373504639
K25V,-0.3474165902261572,-7.798638820648193
K25W,0.2896738401047467,-9.752612113952637
K25Y,0.2142434065260752,-6.288571357727051
K35A,0.1726267555386158,-8.113140106201172
K35C,0.1931252340995981,-9.16828441619873
K35D,0.0524656035095318,-12.709454536437988
K35E,0.2729800288375417,-10.765316009521484
K35F,-0.0367262973591806,-8.453557968139648
K35G,-0.3385116072711041,-9.660584449768066
K35H,-0.126836077807269,-7.057773590087891
K35I,0.2771164104493619,-5.498437404632568
K35L,0.2440725703234845,-3.5695362091064453
K35M,0.0684380789258352,-4.256560325622559
K35N,0.0091582992042531,-7.878849029541016
K35P,-1.2592464561532268,-14.280975341796875
K35Q,0.1163719716878493,-5.842726230621338
K35R,0.0610628815593394,-2.8066608905792236
K35S,-0.0504203237122267,-8.34156322479248
K35T,-0.1006923186608683,-7.545130729675293
K35V,0.1611143672981496,-7.300163269042969
K35W,0.277467519259913,-10.847043991088867
K35Y,0.0710591806820915,-9.33126163482666
K39A,0.1084373154030289,-3.724757671356201
K39C,0.1312970391853882,-7.853274345397949
K39D,-0.0033306484098103,-8.373153686523438
K39E,0.3873657320217258,-7.03648567199707
K39F,-0.1146934325177282,-8.520286560058594
K39G,-1.205403365857036,-5.072747707366943
K39H,-0.1367878786345371,-4.382801055908203
K39I,0.2805981246038027,-8.18220329284668
K39L,0.3886511657803133,-5.738736629486084
K39M,0.2681502178940591,-4.975751876831055
K39N,-0.5626290068725783,-4.304047107696533
K39P,-1.918427317867407,-15.257259368896484
K39Q,0.4369506117794914,-1.8756648302078247
K39R,0.1163726376387215,-2.4547886848449707
K39S,-0.4576636505257161,-4.3541340827941895
K39T,-0.0497271335627163,-4.823113918304443
K39V,0.0575422317035707,-7.763714790344238
K39W,-0.0811236395507313,-9.610011100769043
K39Y,-0.0382923615973229,-7.035774230957031
K50A,0.1310825002285267,-7.402806282043457
K50C,0.2711810914826973,-9.094740867614746
K50D,-0.422136513606675,-8.73501968383789
K50E,0.0953433644029839,-6.351404666900635
K50F,0.3405817698968434,-8.158729553222656
K50G,-0.6822957860978831,-11.758854866027832
K50H,0.4317418345295993,-6.684797286987305
K50I,0.753993268737768,-7.000799179077148
K50L,0.7194108298934458,-9.013326644897461
K50M,0.3669696619431319,-7.981547832489014
K50N,0.1749055488509672,-4.92723274230957
K50P,-1.348716390636393,-15.058146476745605
K50Q,0.3078688290301583,-5.842016696929932
K50R,0.0414566419745403,-5.386033058166504
K50S,0.1428249712638436,-7.48143196105957
K50T,0.515268813421367,-4.60224723815918
K50V,0.6150447572901019,-6.397647380828857
K50W,0.0368863370908005,-10.726975440979004
K50Y,0.4188276629261578,-7.966083526611328
K61A,0.0592602200821339,-4.214839935302734
K61C,-0.0007348418730912,-7.832155227661133
K61D,-0.6298563244160511,-7.677064895629883
K61E,-0.2382274440800911,-6.480849266052246
K61F,-0.0363370287187283,-9.052298545837402
K61G,-0.0765826037436703,-5.915213584899902
K61H,0.0001093247572434,-6.609475135803223
K61I,0.0200712665199969,-7.33731746673584
K61L,0.1580607817075523,-6.465954780578613
K61M,0.235181804224176,-6.0853681564331055
K61N,-0.1588707102862261,-5.18903923034668
K61P,-1.2273314125485668,-10.746611595153809
K61Q,0.041529089836688,-3.3474812507629395
K61R,-0.0405139630128523,-1.3185338973999023
K61S,0.186211704051161,-4.394370079040527
K61T,0.0368075366540949,-5.499606132507324
K61V,-0.1383808608568761,-6.954565048217773
K61W,0.5839297637007079,-9.356796264648438
K61Y,0.0086870815696959,-8.832010269165039
L16A,-0.4623843744442588,-10.658360481262207
L16C,-0.159174839471897,-9.889349937438965
L16D,-1.4395614122070362,-19.04384994506836
L16E,-1.110053886735045,-16.536392211914062
L16F,-0.2992969189868693,-9.212602615356445
L16G,-1.413866618496984,-14.854352951049805
L16H,-0.9355124482813602,-12.329584121704102
L16I,-0.1006526209581286,-4.366420745849609
L16K,-0.9782066749636074,-14.793876647949219
L16M,-0.1269295740856861,-5.932509422302246
L16N,-1.3605543786106813,-12.977625846862793
L16P,-1.3562269625420829,-19.661453247070312
L16Q,-1.064825691404602,-12.149260520935059
L16R,-0.9138563173266794,-13.838034629821777
L16S,-1.2459302389116207,-13.319936752319336
L16T,-0.7905386372418692,-11.072171211242676
L16V,-0.4822390616650391,-6.641912937164307
L16W,-0.2904143318155809,-12.693870544433594
L16Y,-0.2950132973355224,-12.012025833129883
L20A,-1.0513835175322743,-11.15888500213623
L20C,-0.3419239075197735,-8.905742645263672
L20D,-1.1768792086210074,-18.56124496459961
L20E,-1.3631248155208222,-17.504562377929688
L20F,-0.336610657080135,-2.8677077293395996
L20G,-1.0383825988820046,-14.980545043945312
L20H,-0.8639191790997343,-12.052748680114746
L20I,-0.1174661007460837,-5.337425231933594
L20K,-1.071137352304169,-15.953550338745117
L20M,-0.2843200907295524,-4.878237724304199
L20N,-1.0122142873043392,-12.168635368347168
L20P,-1.4001196384222467,-19.738956451416016
L20Q,-1.1046953562309267,-11.571571350097656
L20R,-1.0681825112545715,-14.066350936889648
L20S,-1.1225840427081482,-12.131053924560547
L20T,-0.963920878558425,-9.942632675170898
L20V,-0.599412833431809,-5.414224624633789
L20W,-0.7991669173814722,-11.148150444030762
L20Y,-0.532703096791999,-9.863104820251465
L33A,-1.1244886760064157,-14.812224388122559
L33C,-0.0148533041203142,-14.373140335083008
L33D,-1.569576804474778,-24.892486572265625
L33E,-1.3747688228729222,-22.387115478515625
L33F,-0.377079419983608,-9.504335403442383
L33G,-1.498271125824453,-18.712583541870117
L33H,-0.817566762586698,-16.730979919433594
L33I,-0.3164701212084027,-9.184382438659668
L33K,-0.9422443531911496,-18.78201675415039
L33M,-0.1062851765253762,-6.843597412109375
L33N,-1.3146973853330115,-19.06976890563965
L33P,-1.634107982279447,-17.44898223876953
L33Q,-1.0426878447592611,-15.319711685180664
L33R,-0.707263683915009,-17.84999656677246
L33S,-1.346600801421918,-17.441162109375
L33T,-1.3501047802931694,-15.264248847961426
L33V,-0.583186847399833,-9.285191535949707
L33W,-0.2790502168516786,-15.112649917602539
L33Y,-0.005836421531808,-14.207066535949707
L34A,0.0506718742529974,-10.567253112792969
L34D,-0.39278655643069,-15.471161842346191
L34E,0.0057759939864796,-13.153581619262695
L34F,-0.0107404390413279,-7.565239429473877
L34G,-0.6752910259647646,-13.379632949829102
L34H,-0.0584972364027631,-12.433439254760742
L34I,0.0908513594550277,-4.5893731117248535
L34K,0.0743283817934701,-13.44156265258789
L34M,0.2046415574206248,-3.802299976348877
L34N,-0.1438434923008973,-12.762773513793945
L34P,-1.304003813942848,-17.141830444335938
L34Q,0.0034983869851319,-8.989575386047363
L34R,0.0579999796943448,-11.61253833770752
L34S,-0.2345901544832758,-12.411605834960938
L34T,-0.3182426983417445,-10.5703706741333
L34V,-0.0673850937580242,-7.271708011627197
L34W,0.2090827006126527,-12.046740531921387
L34Y,0.05501111523929,-10.63261604309082
L43A,-1.089147551267572,-14.087125778198242
L43C,-0.7286769842828682,-11.793329238891602
L43D,-2.295772715657218,-21.33803939819336
L43E,-1.4729151017366258,-17.909587860107422
L43F,-0.7645670125059862,-8.52314567565918
L43G,-1.8483374043972345,-16.584850311279297
L43H,-1.4174361456922515,-13.92367172241211
L43I,-0.2509708087736921,-8.749579429626465
L43K,-1.2633063761382513,-16.011455535888672
L43M,-0.5090355509601361,-5.930030345916748
L43N,-1.9210809859979792,-16.665538787841797
L43P,-3.196762589589325,-20.597171783447266
L43Q,-1.3952586768653714,-14.486801147460938
L43R,-1.738752429137344,-15.975770950317383
L43S,-2.172538207038774,-14.995288848876953
L43T,-1.8600147805990288,-14.257061958312988
L43V,-0.9415929343543488,-10.268134117126465
L43W,-0.5825324807214063,-14.185810089111328
L43Y,-0.9485724476993088,-10.931862831115723
L44A,-1.5400043431222064,-14.397432327270508
L44C,-0.0384021758566879,-12.967008590698242
L44D,-2.4330703747895,-23.190696716308594
L44E,-1.70047355775916,-17.201902389526367
L44F,-0.8720621854666015,-10.350208282470703
L44G,-2.097657383216429,-18.60069465637207
L44H,-1.6785286628834926,-17.717269897460938
L44I,-0.7002649197192479,-6.358471870422363
L44K,-1.5639983841641762,-18.466899871826172
L44M,-0.405497727866932,-5.907166957855225
L44N,-2.120704915032085,-18.53053855895996
L44P,-2.163208677360036,-21.827503204345703
L44Q,-1.649489371472707,-14.071507453918457
L44R,-1.562824430940008,-18.418169021606445
L44S,-2.047309563802398,-16.006092071533203
L44T,-1.866463024282032,-11.074454307556152
L44V,-1.147522398841741,-7.4192938804626465
L44W,-0.8347804958405796,-18.046772003173828
L44Y,-1.014461543162299,-16.82098388671875
L47A,-1.982826463918922,-7.487926483154297
L47C,-0.91981372633476,-9.289812088012695
L47D,-2.6004679746604946,-18.389339447021484
L47E,-2.0968022004427533,-16.69353485107422
L47F,-1.030973788946402,-9.953695297241211
L47G,-2.429289767591733,-15.130804061889648
L47H,-2.2105230224572536,-16.054340362548828
L47I,-0.1711516579199421,-4.420224189758301
L47K,-2.286988447754207,-16.850616455078125
L47M,-0.4249428801861437,-6.713591575622559
L47N,-2.4041398984312865,-15.630205154418945
L47P,-2.5386264598678987,-15.325628280639648
L47Q,-1.6574299490992277,-15.695663452148438
L47R,-2.529087971525468,-17.257844924926758
L47S,-2.2593062774797925,-12.270501136779785
L47T,-1.856486079603596,-9.582316398620605
L47V,-0.4489251139399299,-1.553238868713379
L47W,-0.9331166129444406,-12.931316375732422
L47Y,-1.2981243114260534,-13.143106460571289
L62A,-0.9206347720218586,-3.640357732772827
L62C,-0.2713100114353453,-6.936883449554443
L62D,-0.8195033651208092,-12.178548812866211
L62E,-1.340273223510536,-8.985784530639648
L62F,-0.2717827376343527,-3.5810840129852295
L62G,-0.9319441524973592,-5.5091233253479
L62H,-0.8498486141144763,-9.249200820922852
L62I,0.140600838122447,-0.9086353182792664
L62K,-1.080174533762816,-10.0220947265625
L62M,0.0036953771405388,-4.061624526977539
L62N,-1.0598090915876963,-9.790188789367676
L62P,-1.212726581710555,-11.353649139404297
L62Q,-0.988727104434217,-8.965286254882812
L62R,-0.9586969492554464,-9.718159675598145
L62S,-0.9494570959234648,-6.746863842010498
L62T,-0.8551172030240455,-6.095388412475586
L62V,-0.6654495796467841,-0.8660101294517517
L62W,-0.384764588779539,-8.211304664611816
L62Y,-0.2939991462065192,-6.399763107299805
L9A,-1.3736608218183926,-13.613930702209473
L9C,-0.8282754255530254,-11.969586372375488
L9D,-1.7072445196513018,-19.986797332763672
L9E,-1.5772561577037798,-18.015226364135742
L9F,-0.9005413130763371,-4.434346675872803
L9G,-1.6548930298588889,-17.563505172729492
L9H,-1.5097536608360411,-13.978412628173828
L9I,-0.4573084057938743,-6.863943099975586
L9K,-1.6033775883515728,-17.150070190429688
L9M,-0.4826414726562591,-7.092389106750488
L9N,-1.4889877129903402,-16.46076774597168
L9P,-1.6293857612770513,-17.518476486206055
L9Q,-1.2685446909469489,-14.491065979003906
L9R,-1.3624243602587116,-17.136018753051758
L9S,-1.3239441947605557,-16.33921241760254
L9T,-1.384399550351589,-13.469671249389648
L9V,-0.9702978269997008,-7.852376461029053
L9W,-0.6674958202413366,-12.935562133789062
L9Y,-0.8736241312725832,-9.73211669921875
M36A,0.2048212521640984,-10.288373947143555
M36C,-0.3806789754538209,-12.049692153930664
M36D,-1.4493036601365272,-15.531819343566895
M36E,-1.3292095267888049,-15.751252174377441
M36F,-0.4840444924009071,-9.270809173583984
M36G,-1.394347112619181,-12.827423095703125
M36H,-0.8590734002471914,-11.674671173095703
M36I,-0.0767511181399762,-6.8222455978393555
M36K,-0.2353321833375101,-6.599245071411133
M36L,0.5805273727025679,-4.566839218139648
M36N,-1.1614800629041415,-12.043367385864258
M36P,-1.611825131347695,-16.983787536621094
M36Q,-0.9775405049924066,-10.273947715759277
M36R,-0.3127783532298411,-7.636411666870117
M36S,-0.4469281891035823,-11.299360275268555
M36T,-0.7891646685114244,-9.880178451538086
M36V,-0.3811200053916526,-9.379815101623535
M36W,-0.844848009290504,-13.406943321228027
M36Y,-0.3037695260774207,-11.506580352783203
N14A,-0.2024983029286975,-4.889092445373535
N14C,0.0104164369110373,-7.354706764221191
N14D,-0.284836057730665,-9.08710765838623
N14E,-0.2699340454715964,-8.860509872436523
N14F,-0.1774365965908586,-9.635359764099121
N14G,-0.5279472309346582,-6.2011189460754395
N14H,-0.0109527734203869,-5.018123626708984
N14I,0.0347075749545569,-6.623013019561768
N14K,0.0585386918243679,-1.5408854484558105
N14L,-0.0507763976355013,-7.313821315765381
N14M,0.0128579242570041,-7.20438289642334
N14P,-1.3924219507782687,-16.68359375
N14Q,-0.1030162509865788,-5.377861499786377
N14R,0.0696821866101893,-0.5411906838417053
N14S,-0.304109634604909,-4.932408809661865
N14T,-0.3320060672023928,-4.802238941192627
N14V,-0.337648651383581,-6.312866687774658
N14W,-0.2767348009434025,-10.693069458007812
N14Y,-0.1356472564757345,-8.914907455444336
N15A,0.3579972894499361,-3.4706530570983887
N15C,0.4760128144588091,-7.607049942016602
N15D,0.0258279018110112,-6.111519813537598
N15E,0.1801111930678467,-5.157235622406006
N15F,0.3464608181751449,-6.4611735343933105
N15G,-0.0921168736334339,-3.7304201126098633
N15H,0.261959042100834,-3.443514347076416
N15I,0.2925897792116334,-6.49068546295166
N15K,0.4107391736269994,-3.4977316856384277
N15L,0.3216111394171213,-6.348538875579834
N15M,0.2484479985585963,-6.407044887542725
N15P,-1.5521187268478875,-13.793397903442383
N15Q,0.2960016886916867,-4.052971363067627
N15R,0.3425222959373624,-3.886422634124756
N15S,0.1570039064632147,-3.701908588409424
N15T,0.1714142306269339,-3.3055529594421387
N15V,0.2080846201131887,-4.886929988861084
N15W,0.3450614804502883,-9.020783424377441
N15Y,0.2767936809484252,-5.156363010406494
N17A,0.4648462701302298,-3.3663530349731445
N17C,0.9023349519509356,-6.557520389556885
N17D,-0.4540727637793269,-7.486044406890869
N17E,0.0802858218026205,-6.9351606369018555
N17F,0.4968864424245258,-5.982433319091797
N17G,-0.2901118922225971,-4.607332229614258
N17H,0.294396657057077,-0.5144550800323486
N17I,0.6584367457274132,-7.1403279304504395
N17K,0.575820331825831,-7.9420390129089355
N17L,0.6513829580324519,-6.388918399810791
N17M,0.5678852422234293,-3.643320083618164
N17P,-1.3885367953650665,-14.51750373840332
N17Q,0.428209516277906,-2.1229825019836426
N17R,0.7310340307051488,-5.9477925300598145
N17S,0.2637007357003198,-2.139500141143799
N17T,0.3587083249177123,-1.7315341234207153
N17V,0.655361017061328,-5.542994022369385
N17W,0.6017998080482219,-6.997419357299805
N17Y,0.6094419651034251,-5.604774475097656
N49A,0.2976434789974806,-4.190605640411377
N49C,0.413507168973775,-7.640857219696045
N49D,0.0742201932539861,-2.9214651584625244
N49E,0.3521054304153432,-2.3975939750671387
N49F,0.1400624126734548,-8.840349197387695
N49G,-0.0616960010763012,-3.3035380840301514
N49H,0.1693984390130198,-5.1036376953125
N49I,0.3533006183513141,-6.149232864379883
N49K,0.3804321417638778,-0.9182131290435791
N49L,0.3217177139696501,-5.96575927734375
N49M,0.2636856350595673,-5.410943031311035
N49P,-1.529428831397354,-11.598787307739258
N49Q,0.3312252958361394,-1.8829102516174316
N49R,0.2711638033279326,-2.7432827949523926
N49S,0.2041811891191147,-2.908273696899414
N49T,0.1876148033362246,-3.022304058074951
N49V,0.3392706830475402,-5.830633640289307
N49W,0.2354094550910401,-10.474613189697266
N49Y,-0.0140753210849839,-8.69430160522461
P2A,0.2199170833339723,-6.508923530578613
P2C,0.5984024390360996,-9.829854011535645
P2D,-0.3903311058332259,-11.582001686096191
P2E,0.186802020161096,-13.002641677856445
P2F,0.413865977373741,-13.293386459350586
P2G,-0.7697538509082222,-11.765122413635254
P2H,-0.1431718101644752,-11.333332061767578
P2I,0.745648395145043,-10.545707702636719
P2K,-0.3224694527922924,-13.278778076171875
P2L,0.7891008926750813,-11.067306518554688
P2M,0.413249662635192,-12.611039161682129
P2N,-0.6866488354592923,-9.163285255432129
P2Q,-0.337558735544889,-11.426313400268555
P2R,-0.4106653500651784,-13.55477237701416
P2S,-0.3734297165060241,-6.90928840637207
P2T,0.2445665635751881,-7.572222709655762
P2V,0.5558380597277841,-8.284811973571777
P2W,0.3619553259253161,-14.705549240112305
P2Y,0.417234154180496,-13.28109073638916
Q12A,0.1253313266797611,-5.630870342254639
Q12C,0.3267472976938794,-7.308828830718994
Q12D,-0.761216827277754,-7.115478992462158
Q12E,-0.250359677032697,-5.852612495422363
Q12F,-0.0023367548545767,-11.416345596313477
Q12G,-0.422090001183816,-7.01738977432251
Q12H,0.2159841251787679,-4.022143363952637
Q12I,0.2864182231850627,-9.00053596496582
Q12K,0.3513072365839593,-1.2272276878356934
Q12L,0.326158162294214,-9.039688110351562
Q12M,0.4964711692283048,-7.253689289093018
Q12N,-0.2807904269543981,-3.6370749473571777
Q12P,-1.4081255300755258,-15.145631790161133
Q12R,0.2392002891076439,0.8542027473449707
Q12S,-0.2705213113369504,-4.705983638763428
Q12T,-0.3611672091122067,-4.881748676300049
Q12V,-0.14358812962598,-8.97806167602539
Q12W,0.2224141345138619,-10.620729446411133
Q12Y,0.0271195049689678,-8.652175903320312
Q5A,-0.0915519015745536,-12.322638511657715
Q5C,0.1062374312644682,-12.759275436401367
Q5D,-0.227354752361887,-13.665550231933594
Q5E,0.0719735148399136,-12.163448333740234
Q5F,-0.1390648044979716,-14.439794540405273
Q5G,-0.7266485161934964,-13.085918426513672
Q5H,-0.2916341269208398,-8.35324764251709
Q5I,0.1915195610240521,-11.000861167907715
Q5K,-0.1923018270809553,-12.616332054138184
Q5L,0.4077600590825487,-11.340496063232422
Q5M,0.1482724940202424,-12.049066543579102
Q5N,-0.4226312998578123,-10.896276473999023
Q5P,-0.9118655077088892,-14.458232879638672
Q5R,-0.1443383871829047,-11.088358879089355
Q5S,-0.3312323647330544,-11.315362930297852
Q5T,-0.2185103191805311,-11.930094718933105
Q5V,0.0886532748857309,-12.949872016906738
Q5W,0.1922366560434452,-14.467254638671875
Q5Y,0.1809887735199522,-13.801982879638672
R21A,-0.0843765474884321,-7.687292098999023
R21C,-0.0996578710121438,-9.701177597045898
R21D,-0.6425534735009142,-11.257463455200195
R21E,-0.4599287262804084,-9.966886520385742
R21F,-0.6111699026437503,-11.283933639526367
R21G,-0.610590480832137,-9.508541107177734
R21H,-0.451762357787925,-7.427305221557617
R21I,-0.3067495721157431,-8.152810096740723
R21K,0.2471769314752734,-0.44420909881591797
R21L,-0.1718628835400109,-7.333747863769531
R21M,-0.2376630658851182,-7.785066604614258
R21N,-0.2116537223461119,-7.154577732086182
R21P,-1.1594103184262394,-14.79944133758545
R21Q,-0.140395520571757,-5.979323387145996
R21S,-0.2682814143941048,-7.9896039962768555
R21T,-0.3881785913006403,-7.470910549163818
R21V,-0.4524015526904117,-8.262792587280273
R21W,-0.7677296542113508,-11.530517578125
R21Y,-0.6671536335142951,-11.023519515991211
R30A,-0.1934143021029943,-9.910096168518066
R30C,0.3967735795423772,-12.238368034362793
R30D,-0.4061294310164522,-16.43918800354004
R30E,-0.4766358989990182,-10.578103065490723
R30F,0.0743085143755566,-12.022006034851074
R30G,-0.787830658798143,-11.798249244689941
R30H,0.1570739972535717,-7.316404342651367
R30I,0.2015971105486631,-12.84873104095459
R30K,-0.09861990100298,-6.569917678833008
R30L,0.2507927242040266,-9.503002166748047
R30M,0.1475558723028882,-9.516016960144043
R30N,-0.3025910134746787,-11.333244323730469
R30P,-0.6997898430624971,-19.843311309814453
R30Q,-0.3026503657458761,-7.075931549072266
R30S,-0.369862842033509,-10.654260635375977
R30T,-0.3909187669452567,-10.900272369384766
R30V,-0.0260751475143332,-12.357182502746582
R30W,0.4461286972123974,-12.14474868774414
R30Y,0.0501429809420672,-9.799434661865234
R31A,0.1320611318638911,-9.222281455993652
R31C,0.1863972324759215,-11.197015762329102
R31D,-0.2007145661087186,-15.530340194702148
R31E,-0.0444931637826568,-14.779243469238281
R31F,-0.1306216744242032,-11.618070602416992
R31G,-0.2630910075599972,-10.322385787963867
R31H,-0.0530966829246266,-10.719812393188477
R31I,0.131446596394273,-8.641790390014648
R31K,0.2234391671357514,-10.339190483093262
R31L,0.30594874552586,-8.04462718963623
R31M,0.1496840960781744,-8.828749656677246
R31N,-0.2169167835454013,-11.326351165771484
R31P,-0.8979632784337646,-16.160377502441406
R31Q,0.044905612027263,-9.365385055541992
R31S,-0.152412771501146,-9.485379219055176
R31T,0.0375981876957469,-8.250139236450195
R31V,0.0513390437571259,-8.816965103149414
R31W,-0.3136347095714527,-12.804109573364258
R31Y,-0.127202101003629,-12.651565551757812
R40A,-0.5251527396575919,-13.698301315307617
R40C,-0.1172823171172003,-12.124933242797852
R40D,-1.7951382661895676,-16.9375
R40E,-1.521623550800951,-13.950637817382812
R40F,0.1375082886652565,-15.705963134765625
R40G,-1.2858111043673834,-14.157320022583008
R40H,-1.0351819135306473,-13.029471397399902
R40I,0.3618824791277832,-12.718677520751953
R40K,-0.7230725474277195,-8.183389663696289
R40L,0.3014707048393443,-12.726521492004395
R40M,0.1311321530257445,-12.171472549438477
R40N,-1.3954895522474882,-13.209104537963867
R40P,-1.7821758970166883,-18.554258346557617
R40Q,-0.6906729833938978,-11.118446350097656
R40S,-1.140635403089956,-12.185234069824219
R40T,-0.95822444891848,-13.013886451721191
R40V,0.3598623260210654,-12.267294883728027
R40W,-0.3023588096303693,-15.470904350280762
R40Y,-0.3707071723229322,-15.021717071533203
R41A,0.1994051906405087,-11.072391510009766
R41D,-0.0954601978011799,-14.526586532592773
R41E,-0.269857813402937,-13.803449630737305
R41F,0.0248354723253596,-13.460771560668945
R41G,-0.3818903458344267,-10.757783889770508
R41H,-0.0707407636349359,-8.792287826538086
R41I,-0.1982635780113564,-12.763087272644043
R41K,0.004966359343542,-3.541266441345215
R41L,0.0823207210599656,-11.633798599243164
R41M,-0.0372771504075268,-11.1738920211792
R41N,0.1517179834902213,-9.314196586608887
R41P,-2.1988906295878627,-18.329111099243164
R41Q,-0.1240731679128392,-7.840357780456543
R41S,0.0369841373551005,-9.946394920349121
R41T,-0.214580814867825,-10.565237045288086
R41V,-0.4725013882420366,-12.43971061706543
R41W,0.123744882947328,-13.462255477905273
R41Y,0.0235055107743762,-12.360296249389648
R42A,0.0525542143922197,-6.333386421203613
R42C,0.127410862668996,-9.486997604370117
R42D,-0.4172361732276668,-8.427244186401367
R42E,0.0031765749017953,-11.546293258666992
R42F,-0.2193237078934906,-9.834054946899414
R42G,-0.597300833428297,-5.936133861541748
R42H,-0.304274095722028,-7.0343523025512695
R42I,0.0096174515985953,-10.857894897460938
R42K,0.1910374848461993,-4.100825786590576
R42L,-0.0035340552394074,-10.894157409667969
R42M,-0.0349207051105122,-9.52603530883789
R42N,-0.476030151632683,-4.068514823913574
R42P,-2.251178395104888,-15.859917640686035
R42Q,0.0416979885708714,-8.304551124572754
R42S,-0.2251194874337869,-5.9733686447143555
R42T,-0.2603181889296477,-7.9343976974487305
R42V,-0.0843096856254779,-9.644630432128906
R42W,-0.1344630124529144,-11.124764442443848
R42Y,-0.0937581895057895,-9.235763549804688
R48A,-0.2229742440872648,-5.133551597595215
R48C,0.0093011416743711,-8.994251251220703
R48D,-1.548763291322095,-10.017289161682129
R48E,-0.542048192993211,-5.964695930480957
R48F,0.2987800062038683,-8.983724594116211
R48G,-1.135430369625041,-7.435988426208496
R48H,-0.1625220044934314,-6.671160697937012
R48I,-0.6442514588851922,-7.97189998626709
R48K,0.3203685236974314,-0.10739278793334961
R48L,-0.1689757270698431,-6.931053161621094
R48M,-0.1786177770122581,-5.558161735534668
R48N,-0.9971989871989916,-5.650813102722168
R48P,-1.9528717880351707,-14.591192245483398
R48Q,-0.341605822017617,-2.388768196105957
R48S,-0.7428130386481946,-5.573459625244141
R48T,-1.5746118241772302,-7.531810760498047
R48V,-0.7708480165577987,-7.542757987976074
R48W,-0.0153207274573832,-10.856847763061523
R48Y,0.2581224979308567,-8.45543098449707
R54A,0.1930736915172048,-11.466760635375977
R54C,-0.234298612322648,-11.05308723449707
R54D,-0.8189123034507393,-16.15743064880371
R54E,-0.739462262720652,-14.64153003692627
R54F,-0.4930880895769407,-13.928695678710938
R54G,-0.446682164723549,-12.433442115783691
R54H,-0.425526506619827,-10.556018829345703
R54I,-0.2243440451157625,-12.89845085144043
R54K,0.3786664575208442,-8.061561584472656
R54L,0.4211510279836359,-10.7243013381958
R54M,0.0211499779840429,-11.347840309143066
R54N,-0.832791572152229,-13.377041816711426
R54P,-1.4782802126800247,-18.461267471313477
R54Q,-0.3613181842442348,-11.475259780883789
R54S,-0.1641009030781739,-11.890908241271973
R54T,-0.233374120424576,-11.570034980773926
R54V,-0.1981959357320448,-12.66273307800293
R54W,-0.532425651205819,-14.07040786743164
R54Y,-0.5227232108664737,-13.180963516235352
R56A,-0.1239489674815548,-9.783411026000977
R56C,0.3733687489603046,-8.571440696716309
R56D,-0.0476564409679056,-11.920355796813965
R56E,0.1672099764065513,-11.32204818725586
R56F,0.1215623098976652,-11.39376449584961
R56G,-0.5272070798131061,-10.050620079040527
R56H,0.1962020669168538,-8.756304740905762
R56I,0.3104732917382997,-10.095297813415527
R56K,0.1196231107794254,-7.450150966644287
R56L,0.4651741626604027,-9.241206169128418
R56M,0.3951558898676071,-9.605294227600098
R56N,0.3433111986913384,-8.539813041687012
R56P,-0.9943217468462856,-17.89885902404785
R56Q,0.2808315087080886,-8.699731826782227
R56S,-0.316721826247976,-9.466466903686523
R56T,0.0694546289978119,-9.248332977294922
R56V,-0.0997309486118052,-9.910943984985352
R56W,0.4592821373891853,-12.105409622192383
R56Y,0.2712945712214267,-11.100275039672852
S1A,-0.0785426819266175,-3.799337863922119
S1C,0.43316395270742,-6.979935646057129
S1D,0.1622939650080317,-5.9304633140563965
S1E,-0.101502468002526,-8.617202758789062
S1F,0.7187968593497338,-10.18117904663086
S1G,-0.0384387861502366,-2.9751410484313965
S1H,-0.0464713796405802,-7.889405727386475
S1I,-0.1913070522276445,-9.996601104736328
S1K,-0.2078060464170619,-7.917655944824219
S1L,-0.1832250669452801,-8.815631866455078
S1M,-0.137219219540138,-5.527472496032715
S1N,0.0426792190337872,-6.1814703941345215
S1P,-0.0222591389425543,-10.068126678466797
S1Q,-0.2273253201285081,-7.7244720458984375
S1R,-0.1856840173417717,-6.393196105957031
S1T,0.0085097628588455,-6.776012897491455
S1V,-0.2804779379225492,-8.50374984741211
S1W,1.2021066039924349,-11.82595443725586
S1Y,0.6606070003923277,-10.369535446166992
S29A,0.4363936327963031,-7.022240161895752
S29C,0.214444994014316,-7.573836803436279
S29D,-0.5138352467978651,-15.961421966552734
S29E,-0.5796709517623726,-16.74043083190918
S29F,-0.1718407653629103,-14.778182983398438
S29G,0.0113336897566496,-6.69514274597168
S29H,0.2429767785122996,-13.701591491699219
S29I,0.2666979930109079,-12.226207733154297
S29K,-0.0763901461977831,-17.86014747619629
S29L,0.2237463111149837,-12.959857940673828
S29M,0.1032588612317848,-12.97065258026123
S29N,-0.2885696125165009,-9.904598236083984
S29P,-0.8664336794343257,-15.349525451660156
S29Q,-0.3991442656172754,-14.864191055297852
S29R,-0.1527647948068438,-16.455167770385742
S29T,-0.073498546117622,-6.480320930480957
S29V,0.1756726728199344,-10.815847396850586
S29W,-0.3251429716267049,-17.168956756591797
S29Y,-0.3718530555755546,-15.713202476501465
T10A,-0.9108756128860392,-11.365689277648926
T10C,-0.2403267441648049,-12.469612121582031
T10D,-1.030122801866843,-10.930909156799316
T10E,-0.7786355464935333,-13.980384826660156
T10F,-0.8137322944512155,-15.323857307434082
T10G,-1.2264856949836247,-9.691781997680664
T10H,-0.984418763542962,-13.652012825012207
T10I,0.2686212270714736,-14.370318412780762
T10K,-1.2349294345928137,-14.688962936401367
T10L,-0.3378457560042562,-15.010833740234375
T10M,-0.1613429009780889,-12.779356002807617
T10N,-0.526408768352256,-7.563747406005859
T10P,-1.626202501413596,-18.496299743652344
T10Q,-0.7409729890801846,-10.301149368286133
T10R,-1.2292045986473266,-15.285053253173828
T10S,-0.3506136667689628,-6.054135322570801
T10V,-0.068441382627844,-14.474016189575195
T10W,-0.505332859579533,-16.811792373657227
T10Y,-0.8531980616406674,-15.288822174072266
V22A,0.1760760768328069,-4.829013347625732
V22C,0.3699270290827869,-7.177715301513672
V22D,0.0083929489562333,-7.1310319900512695
V22E,-0.0532561188622153,-5.269367694854736
V22F,0.0610336515944123,-4.0439863204956055
V22G,-0.1341074257401313,-7.032469749450684
V22H,0.2486573064632531,-5.079194068908691
V22I,0.2886877613447631,-3.0011138916015625
V22K,0.1678882765901881,-6.089633464813232
V22L,0.2593078736909286,-2.882765769958496
V22M,0.0626808730157879,-4.191946983337402
V22N,0.1153843018838882,-5.741647720336914
V22P,-0.8183379364627097,-13.367279052734375
V22Q,0.0985474479392927,-4.214957237243652
V22R,0.0422922769923532,-7.4773664474487305
V22S,0.1696075538336527,-5.436220645904541
V22T,0.2231152801022946,-3.0256733894348145
V22W,0.0871613054745239,-7.704864025115967
V22Y,0.1013337252034789,-5.374654769897461
V37A,-0.5039945645762502,-11.198770523071289
V37C,0.1964900389464228,-13.261359214782715
V37D,-1.1021128221519294,-21.930795669555664
V37E,-0.192730948783494,-19.229412078857422
V37F,-0.0718638354596512,-14.460381507873535
V37G,-1.3208511630898043,-16.80270004272461
V37H,-0.2205301632129739,-19.450637817382812
V37I,0.3412730423201515,-5.9464430809021
V37K,-0.0394678835957869,-19.51282501220703
V37L,0.397874032870416,-8.085153579711914
V37M,0.2979936852151814,-10.541275978088379
V37N,-0.895981320223183,-18.314802169799805
V37P,-1.772254482218908,-21.936077117919922
V37Q,-0.183620608943718,-18.12843894958496
V37R,-0.2920948993447223,-18.68045997619629
V37S,-0.9010234033500716,-15.220683097839355
V37T,-0.4989571327827802,-11.99438762664795
V37W,-0.0824178135876749,-17.79010772705078
V37Y,0.3160804590978268,-17.37359046936035
V4A,0.2309671074263719,-3.024784564971924
V4C,0.4216217333948253,-8.752830505371094
V4D,0.2711369511023731,-14.238097190856934
V4E,0.3600692650077137,-12.007651329040527
V4F,0.0570786109982943,-9.72201919555664
V4G,-0.2109352487329849,-4.915413856506348
V4H,0.2892988007230355,-13.843429565429688
V4I,0.1255972562371159,-6.7155351638793945
V4K,0.101174840862142,-13.42958927154541
V4L,0.155852281396204,-7.062161445617676
V4M,0.2547566093426101,-7.164035797119141
V4N,0.0984783675551357,-12.037548065185547
V4P,-0.7950359246589165,-14.007635116577148
V4Q,0.1966031676311814,-11.25750732421875
V4R,0.0632931987948679,-13.023452758789062
V4S,0.061818079524297,-7.580703258514404
V4T,-0.0105202227567824,-5.914376258850098
V4W,0.207146047294918,-14.223231315612793
V4Y,0.7382781777064968,-12.314369201660156
V52A,0.1929960958377092,-7.582871913909912
V52C,0.3492937767391497,-11.449243545532227
V52D,-0.1145467259028976,-11.399385452270508
V52E,0.5589222280492327,-8.277702331542969
V52F,0.5831413763524758,-8.014280319213867
V52G,-0.0566401539881264,-10.957246780395508
V52H,0.1110630716603768,-10.573866844177246
V52I,0.3404240450719471,-0.9668965339660645
V52K,0.2211436886042461,-11.229940414428711
V52L,0.4662130309466281,-3.9477319717407227
V52M,0.3283451070552861,-4.085739612579346
V52N,0.0923319934391391,-10.110761642456055
V52P,0.9676251801645416,-10.187125205993652
V52Q,0.1625227502107673,-8.821678161621094
V52R,0.1643263266183074,-11.61402702331543
V52S,0.1271048823015643,-10.462348937988281
V52T,-0.031978149165603,-7.411591529846191
V52W,0.414003869754679,-12.756551742553711
V52Y,0.9133960241741684,-10.664512634277344
V59A,-0.5752823058956427,-5.983774662017822
V59C,0.3099466752842614,-6.467841148376465
V59D,-1.5335825443989897,-15.292359352111816
V59E,-1.1188249399093906,-12.243290901184082
V59F,-0.420257165563545,-9.335309028625488
V59G,-1.256384575896104,-10.367392539978027
V59H,-1.00443817524092,-12.629181861877441
V59I,0.3488135346507142,0.822044849395752
V59K,-0.6308545612537086,-10.883322715759277
V59L,0.2619127027932268,-5.342830657958984
V59M,0.4450961720106372,-5.925292491912842
V59N,-1.177219228930911,-9.97712230682373
V59P,-1.4588007660730749,-14.663397789001465
V59Q,-0.7318087622272331,-10.921154975891113
V59R,-0.7626526817818158,-10.890061378479004
V59S,-0.7904578674002671,-6.874598503112793
V59T,-0.3463088065086701,-5.223464488983154
V59W,-0.291269730080935,-12.225516319274902
V59Y,-0.6281009716690826,-10.940768241882324
Y46A,0.1398816343202504,-15.675361633300781
Y46C,0.0441885220326816,-15.29841423034668
Y46D,0.2937886787217083,-16.715810775756836
Y46E,0.446366160223576,-17.481300354003906
Y46F,-0.0200691220827202,-10.28274917602539
Y46G,-0.3603234579519947,-16.40773582458496
Y46H,0.0677970862711867,-10.948583602905273
Y46I,0.2978791359921739,-16.980005264282227
Y46K,0.0292255315117948,-17.557701110839844
Y46L,0.1587019521899191,-15.64964771270752
Y46M,0.1450407976675043,-15.747809410095215
Y46N,-0.063888590215845,-14.838651657104492
Y46P,-2.1752904166004434,-22.486495971679688
Y46Q,0.1788650229091795,-16.381526947021484
Y46R,0.0040587563218847,-16.682659149169922
Y46S,-0.0689749072580161,-14.932954788208008
Y46T,-0.0153028136197099,-15.503073692321777
Y46V,0.1525555862378897,-15.597047805786133
Y46W,0.149114467218264,-12.680896759033203
Y55A,-1.002903798330103,-17.180984497070312
Y55C,-0.6778823826536706,-14.557273864746094
Y55D,-1.2685496889905306,-21.378923416137695
Y55E,-1.2149817422403386,-19.49463653564453
Y55F,-0.031709285069585,-8.243729591369629
Y55G,-1.2607717472105182,-20.223098754882812
Y55H,-0.6919563813591951,-13.14457893371582
Y55I,-0.9104271514686502,-20.09419059753418
Y55K,-1.2039736574215798,-21.860477447509766
Y55L,-0.9230502078545296,-15.471908569335938
Y55M,-1.0799146059374,-16.882369995117188
Y55N,-1.1435221652222038,-19.14460563659668
Y55P,-1.29472008530431,-22.13369369506836
Y55Q,-1.124953456950826,-21.02220916748047
Y55R,-1.232967328357956,-21.03313446044922
Y55S,-1.26984932091912,-18.824270248413086
Y55T,-1.2713725741137398,-19.508081436157227
Y55V,-1.0662396750361218,-16.037382125854492
Y55W,0.6010360262700312,-13.281355857849121
